customer_id,created_at,country,acquisition_channel
865,2025-01-01T19:56:31+00:00,NZ,Organic
957,2025-01-02T03:24:03+00:00,NZ,Organic
729,2025-01-02T10:22:56+00:00,AU,Facebook Ads
494,2025-01-03T02:35:18+00:00,NZ,Facebook Ads
298,2025-01-06T05:47:32+00:00,NZ,Google Ads
428,2025-01-06T08:59:11+00:00,CA,Referral
20,2025-01-07T05:40:18+00:00,US,Google Ads
909,2025-01-07T10:53:21+00:00,NZ,Facebook Ads
68,2025-01-07T14:13:58+00:00,AU,Organic
519,2025-01-07T15:47:12+00:00,NZ,Google Ads
42,2025-01-07T20:09:53+00:00,AU,Facebook Ads
90,2025-01-09T20:26:32+00:00,NZ,Organic
544,2025-01-12T12:17:28+00:00,NZ,Referral
482,2025-01-13T12:39:41+00:00,NZ,Organic
818,2025-01-13T15:30:08+00:00,US,Referral
325,2025-01-15T15:02:18+00:00,US,Facebook Ads
852,2025-01-15T20:23:05+00:00,NZ,Google Ads
529,2025-01-16T05:48:58+00:00,AU,Organic
638,2025-01-16T12:43:19+00:00,AU,Referral
599,2025-01-16T17:14:51+00:00,AU,Google Ads
395,2025-01-17T02:25:23+00:00,UK,Organic
502,2025-01-17T08:56:34+00:00,CA,Google Ads
270,2025-01-17T17:44:40+00:00,AU,Referral
125,2025-01-19T09:29:54+00:00,US,Organic
101,2025-01-20T19:18:19+00:00,NZ,Organic
827,2025-01-20T23:52:24+00:00,UK,Google Ads
127,2025-01-21T18:37:39+00:00,CA,Referral
2,2025-01-22T07:10:28+00:00,US,Google Ads
967,2025-01-23T14:30:14+00:00,AU,Facebook Ads
291,2025-01-24T08:12:39+00:00,NZ,Facebook Ads
369,2025-01-24T18:31:21+00:00,AU,Organic
343,2025-01-24T19:04:48+00:00,UK,Referral
505,2025-01-25T07:48:21+00:00,US,Organic
883,2025-01-25T13:53:35+00:00,UK,Organic
590,2025-01-27T05:01:02+00:00,CA,Organic
416,2025-01-29T04:28:10+00:00,AU,Google Ads
10,2025-01-29T13:10:03+00:00,AU,Organic
996,2025-01-29T20:51:00+00:00,NZ,Organic
685,2025-01-30T06:41:31+00:00,US,Organic
717,2025-01-30T18:09:06+00:00,CA,Organic
13,2025-01-30T23:34:16+00:00,AU,Facebook Ads
584,2025-02-01T12:33:48+00:00,NZ,Referral
137,2025-02-01T14:17:13+00:00,AU,Google Ads
407,2025-02-02T20:20:06+00:00,CA,Referral
135,2025-02-03T15:21:40+00:00,UK,Organic
776,2025-02-04T00:18:55+00:00,US,Referral
299,2025-02-04T12:02:27+00:00,NZ,Organic
257,2025-02-04T12:42:38+00:00,UK,Organic
992,2025-02-04T21:52:38+00:00,AU,Organic
659,2025-02-05T08:57:02+00:00,CA,Google Ads
550,2025-02-05T15:51:00+00:00,US,Referral
609,2025-02-07T13:56:35+00:00,NZ,Google Ads
470,2025-02-09T09:36:22+00:00,NZ,Google Ads
28,2025-02-09T18:03:09+00:00,UK,Facebook Ads
184,2025-02-09T20:14:29+00:00,UK,Google Ads
177,2025-02-10T05:02:35+00:00,NZ,Organic
376,2025-02-11T13:10:00+00:00,AU,Referral
132,2025-02-11T13:36:57+00:00,NZ,Referral
972,2025-02-11T14:31:01+00:00,CA,Organic
704,2025-02-11T17:20:54+00:00,US,Organic
509,2025-02-13T20:50:14+00:00,NZ,Facebook Ads
601,2025-02-14T08:09:19+00:00,CA,Organic
208,2025-02-15T01:04:16+00:00,NZ,Organic
27,2025-02-15T08:14:53+00:00,NZ,Organic
225,2025-02-15T18:28:05+00:00,US,Organic
657,2025-02-15T23:12:01+00:00,NZ,Organic
461,2025-02-17T00:24:41+00:00,NZ,Organic
853,2025-02-17T22:24:46+00:00,NZ,Referral
166,2025-02-18T08:30:44+00:00,NZ,Facebook Ads
45,2025-02-18T12:35:20+00:00,US,Google Ads
253,2025-02-18T13:53:37+00:00,AU,Referral
716,2025-02-18T16:35:36+00:00,US,Google Ads
981,2025-02-20T07:35:10+00:00,NZ,Referral
8,2025-02-20T15:45:01+00:00,NZ,Facebook Ads
231,2025-02-20T20:19:56+00:00,AU,Referral
684,2025-02-20T22:04:00+00:00,CA,Google Ads
89,2025-02-21T07:43:13+00:00,NZ,Google Ads
95,2025-02-21T08:27:57+00:00,NZ,Referral
161,2025-02-21T08:49:34+00:00,AU,Referral
288,2025-02-22T01:59:24+00:00,UK,Organic
738,2025-02-22T23:25:28+00:00,NZ,Organic
859,2025-02-23T01:26:19+00:00,UK,Google Ads
518,2025-02-24T21:59:58+00:00,AU,Google Ads
652,2025-02-25T20:03:03+00:00,NZ,Organic
930,2025-02-26T01:49:12+00:00,UK,Facebook Ads
721,2025-02-26T09:05:36+00:00,US,Organic
198,2025-02-26T13:41:56+00:00,UK,Google Ads
420,2025-02-27T03:42:14+00:00,NZ,Organic
436,2025-02-27T05:39:42+00:00,US,Organic
874,2025-02-27T19:19:21+00:00,US,Google Ads
277,2025-03-01T12:09:03+00:00,NZ,Organic
769,2025-03-01T12:37:57+00:00,NZ,Facebook Ads
91,2025-03-01T21:00:30+00:00,CA,Google Ads
773,2025-03-02T14:41:00+00:00,NZ,Facebook Ads
622,2025-03-02T17:01:11+00:00,UK,Organic
229,2025-03-02T17:35:00+00:00,AU,Organic
387,2025-03-03T00:54:32+00:00,UK,Facebook Ads
965,2025-03-03T22:29:06+00:00,US,Organic
500,2025-03-04T17:04:32+00:00,UK,Google Ads
219,2025-03-06T16:54:30+00:00,NZ,Google Ads
644,2025-03-07T03:15:40+00:00,NZ,Organic
155,2025-03-07T05:58:58+00:00,US,Referral
946,2025-03-07T09:17:34+00:00,AU,Referral
887,2025-03-07T22:13:39+00:00,CA,Facebook Ads
983,2025-03-07T22:37:27+00:00,AU,Google Ads
359,2025-03-07T23:47:57+00:00,UK,Google Ads
869,2025-03-08T17:17:39+00:00,NZ,Organic
948,2025-03-09T04:10:17+00:00,NZ,Google Ads
540,2025-03-09T07:17:30+00:00,US,Organic
170,2025-03-09T19:38:44+00:00,NZ,Facebook Ads
664,2025-03-09T19:58:55+00:00,NZ,Google Ads
314,2025-03-10T06:48:39+00:00,AU,Google Ads
806,2025-03-11T13:26:19+00:00,NZ,Google Ads
466,2025-03-12T19:17:43+00:00,NZ,Organic
276,2025-03-14T00:33:06+00:00,AU,Facebook Ads
543,2025-03-14T22:48:23+00:00,NZ,Organic
660,2025-03-16T22:28:35+00:00,AU,Google Ads
934,2025-03-16T23:55:33+00:00,NZ,Organic
530,2025-03-17T08:25:14+00:00,CA,Google Ads
682,2025-03-17T19:44:37+00:00,US,Referral
879,2025-03-18T05:29:47+00:00,NZ,Organic
275,2025-03-18T09:56:54+00:00,NZ,Facebook Ads
319,2025-03-20T07:02:43+00:00,NZ,Referral
780,2025-03-20T17:05:11+00:00,NZ,Organic
24,2025-03-21T17:24:11+00:00,NZ,Google Ads
306,2025-03-22T09:31:50+00:00,AU,Referral
634,2025-03-23T07:24:49+00:00,UK,Google Ads
624,2025-03-23T14:46:00+00:00,NZ,Organic
553,2025-03-24T10:50:31+00:00,NZ,Google Ads
567,2025-03-24T14:56:05+00:00,AU,Organic
431,2025-03-24T21:52:18+00:00,US,Organic
140,2025-03-25T02:08:39+00:00,NZ,Organic
838,2025-03-25T09:29:10+00:00,AU,Referral
531,2025-03-25T18:08:03+00:00,NZ,Organic
236,2025-03-25T19:38:30+00:00,NZ,Organic
305,2025-03-25T20:39:53+00:00,US,Google Ads
120,2025-03-26T17:48:58+00:00,UK,Organic
557,2025-03-27T08:30:53+00:00,NZ,Referral
990,2025-03-27T14:11:19+00:00,UK,Referral
264,2025-03-27T22:35:55+00:00,UK,Google Ads
977,2025-03-27T22:50:06+00:00,US,Organic
107,2025-03-29T01:51:54+00:00,US,Google Ads
507,2025-03-29T18:55:01+00:00,NZ,Organic
47,2025-03-30T00:50:44+00:00,NZ,Organic
354,2025-03-30T23:41:23+00:00,UK,Organic
334,2025-03-31T02:47:43+00:00,AU,Organic
710,2025-03-31T12:00:46+00:00,UK,Organic
537,2025-04-01T21:13:24+00:00,UK,Referral
679,2025-04-02T06:06:31+00:00,AU,Organic
651,2025-04-03T21:39:21+00:00,AU,Google Ads
189,2025-04-04T03:54:48+00:00,AU,Referral
623,2025-04-04T09:17:08+00:00,US,Referral
11,2025-04-04T10:13:12+00:00,US,Organic
637,2025-04-04T16:42:13+00:00,NZ,Google Ads
873,2025-04-05T01:42:36+00:00,NZ,Facebook Ads
933,2025-04-05T06:21:59+00:00,NZ,Referral
759,2025-04-05T23:54:05+00:00,US,Google Ads
474,2025-04-06T03:13:32+00:00,CA,Google Ads
680,2025-04-07T03:02:36+00:00,NZ,Google Ads
176,2025-04-07T11:45:26+00:00,US,Facebook Ads
423,2025-04-07T18:10:41+00:00,CA,Organic
683,2025-04-09T01:23:14+00:00,NZ,Referral
245,2025-04-09T19:12:12+00:00,NZ,Organic
627,2025-04-10T15:23:29+00:00,AU,Facebook Ads
511,2025-04-11T13:22:33+00:00,AU,Organic
592,2025-04-11T15:29:55+00:00,UK,Google Ads
312,2025-04-12T07:56:13+00:00,NZ,Google Ads
705,2025-04-12T13:48:40+00:00,NZ,Organic
57,2025-04-13T04:39:38+00:00,AU,Organic
59,2025-04-13T10:44:15+00:00,US,Organic
204,2025-04-13T11:39:01+00:00,AU,Facebook Ads
492,2025-04-13T12:37:12+00:00,NZ,Google Ads
149,2025-04-13T16:37:19+00:00,NZ,Google Ads
635,2025-04-15T07:47:02+00:00,CA,Google Ads
764,2025-04-16T00:21:13+00:00,NZ,Referral
528,2025-04-16T18:55:17+00:00,NZ,Organic
415,2025-04-16T19:00:32+00:00,NZ,Organic
232,2025-04-17T17:13:41+00:00,US,Organic
895,2025-04-17T23:40:31+00:00,AU,Google Ads
282,2025-04-18T01:22:52+00:00,NZ,Organic
356,2025-04-18T04:07:02+00:00,NZ,Google Ads
593,2025-04-18T08:35:28+00:00,NZ,Referral
52,2025-04-19T03:50:18+00:00,UK,Facebook Ads
813,2025-04-20T07:14:43+00:00,UK,Organic
258,2025-04-20T10:32:56+00:00,US,Organic
433,2025-04-20T15:55:30+00:00,US,Google Ads
734,2025-04-21T12:03:19+00:00,NZ,Organic
146,2025-04-22T00:40:46+00:00,US,Google Ads
169,2025-04-22T03:42:33+00:00,NZ,Referral
14,2025-04-22T09:19:15+00:00,NZ,Google Ads
628,2025-04-23T01:21:05+00:00,AU,Facebook Ads
86,2025-04-23T02:18:01+00:00,NZ,Google Ads
114,2025-04-23T07:43:34+00:00,NZ,Organic
206,2025-04-24T04:30:58+00:00,NZ,Organic
344,2025-04-24T18:02:44+00:00,AU,Referral
402,2025-04-25T15:14:04+00:00,NZ,Google Ads
71,2025-04-27T01:32:50+00:00,AU,Organic
534,2025-04-28T21:49:11+00:00,NZ,Organic
498,2025-04-30T12:36:00+00:00,US,Organic
406,2025-04-30T14:56:02+00:00,NZ,Referral
898,2025-05-01T03:01:29+00:00,AU,Facebook Ads
785,2025-05-01T11:43:22+00:00,NZ,Google Ads
460,2025-05-01T18:33:07+00:00,NZ,Google Ads
668,2025-05-01T20:32:24+00:00,AU,Organic
337,2025-05-02T05:50:16+00:00,AU,Organic
143,2025-05-02T17:12:46+00:00,AU,Facebook Ads
3,2025-05-03T01:18:01+00:00,AU,Organic
881,2025-05-03T09:20:23+00:00,AU,Referral
342,2025-05-04T17:00:41+00:00,NZ,Organic
586,2025-05-05T02:41:59+00:00,NZ,Referral
167,2025-05-05T06:44:43+00:00,NZ,Organic
159,2025-05-06T03:23:45+00:00,US,Organic
426,2025-05-06T04:40:32+00:00,AU,Organic
621,2025-05-07T10:01:09+00:00,AU,Facebook Ads
636,2025-05-07T14:47:49+00:00,NZ,Facebook Ads
517,2025-05-07T18:17:11+00:00,AU,Referral
462,2025-05-07T22:51:20+00:00,US,Facebook Ads
417,2025-05-08T02:32:41+00:00,US,Google Ads
709,2025-05-09T11:28:28+00:00,NZ,Organic
79,2025-05-09T11:52:29+00:00,US,Organic
491,2025-05-09T12:22:42+00:00,UK,Facebook Ads
620,2025-05-09T22:39:31+00:00,CA,Facebook Ads
940,2025-05-10T01:43:54+00:00,NZ,Organic
348,2025-05-10T14:24:25+00:00,CA,Facebook Ads
877,2025-05-10T19:42:44+00:00,US,Organic
4,2025-05-11T08:06:04+00:00,CA,Organic
192,2025-05-11T11:57:28+00:00,AU,Organic
290,2025-05-11T17:03:00+00:00,AU,Organic
17,2025-05-12T00:27:05+00:00,NZ,Organic
414,2025-05-12T11:31:50+00:00,US,Organic
82,2025-05-12T15:38:28+00:00,NZ,Organic
467,2025-05-13T06:26:35+00:00,UK,Facebook Ads
259,2025-05-13T13:38:58+00:00,NZ,Referral
455,2025-05-14T04:16:30+00:00,AU,Google Ads
801,2025-05-14T04:41:59+00:00,AU,Organic
795,2025-05-14T09:58:38+00:00,US,Referral
463,2025-05-14T11:06:09+00:00,UK,Organic
610,2025-05-14T12:15:10+00:00,NZ,Google Ads
67,2025-05-14T19:41:05+00:00,US,Organic
745,2025-05-14T22:08:48+00:00,CA,Organic
238,2025-05-15T03:06:48+00:00,AU,Organic
966,2025-05-15T09:43:41+00:00,AU,Facebook Ads
396,2025-05-17T00:42:15+00:00,AU,Google Ads
437,2025-05-17T08:10:46+00:00,NZ,Referral
80,2025-05-17T12:40:59+00:00,NZ,Facebook Ads
905,2025-05-17T17:20:49+00:00,AU,Referral
367,2025-05-18T02:18:42+00:00,CA,Referral
598,2025-05-18T09:58:22+00:00,AU,Referral
358,2025-05-18T17:05:19+00:00,US,Organic
720,2025-05-19T07:14:16+00:00,US,Google Ads
728,2025-05-19T12:05:49+00:00,US,Facebook Ads
893,2025-05-19T19:22:59+00:00,US,Google Ads
43,2025-05-20T08:20:58+00:00,US,Organic
48,2025-05-20T18:33:50+00:00,AU,Facebook Ads
575,2025-05-20T20:25:17+00:00,NZ,Referral
160,2025-05-21T01:24:56+00:00,NZ,Facebook Ads
788,2025-05-21T08:56:24+00:00,NZ,Organic
294,2025-05-21T11:48:37+00:00,US,Organic
163,2025-05-22T03:41:53+00:00,US,Referral
313,2025-05-22T10:21:23+00:00,CA,Organic
188,2025-05-22T10:27:47+00:00,UK,Google Ads
971,2025-05-22T10:50:55+00:00,NZ,Facebook Ads
284,2025-05-22T23:35:55+00:00,NZ,Organic
105,2025-05-23T20:19:12+00:00,US,Google Ads
581,2025-05-23T23:05:13+00:00,AU,Referral
112,2025-05-24T01:37:45+00:00,NZ,Google Ads
640,2025-05-24T01:47:59+00:00,AU,Organic
44,2025-05-24T02:05:24+00:00,AU,Google Ads
211,2025-05-24T18:46:36+00:00,NZ,Referral
454,2025-05-24T22:36:06+00:00,CA,Referral
279,2025-05-25T05:18:43+00:00,US,Organic
70,2025-05-25T16:55:23+00:00,CA,Facebook Ads
156,2025-05-26T12:01:14+00:00,AU,Organic
689,2025-05-26T22:03:52+00:00,US,Google Ads
772,2025-05-26T22:39:17+00:00,US,Organic
633,2025-05-27T00:07:49+00:00,US,Organic
247,2025-05-27T06:45:21+00:00,NZ,Organic
332,2025-05-27T22:56:47+00:00,NZ,Organic
46,2025-05-28T08:33:29+00:00,AU,Organic
235,2025-05-28T14:21:35+00:00,US,Organic
53,2025-05-28T17:56:22+00:00,AU,Facebook Ads
816,2025-05-28T19:30:45+00:00,CA,Organic
882,2025-05-29T12:52:04+00:00,AU,Organic
913,2025-05-29T17:57:21+00:00,NZ,Organic
193,2025-05-31T19:17:56+00:00,NZ,Facebook Ads
131,2025-06-02T04:08:12+00:00,US,Facebook Ads
740,2025-06-03T07:27:18+00:00,NZ,Google Ads
186,2025-06-04T05:55:02+00:00,NZ,Facebook Ads
126,2025-06-04T15:03:55+00:00,NZ,Facebook Ads
362,2025-06-05T05:11:14+00:00,UK,Google Ads
719,2025-06-05T08:23:56+00:00,US,Organic
841,2025-06-05T14:53:41+00:00,NZ,Referral
150,2025-06-06T02:52:02+00:00,NZ,Referral
618,2025-06-06T04:18:07+00:00,US,Organic
545,2025-06-06T18:08:36+00:00,AU,Facebook Ads
383,2025-06-06T20:38:05+00:00,US,Google Ads
117,2025-06-06T21:56:35+00:00,NZ,Google Ads
662,2025-06-07T18:11:34+00:00,NZ,Referral
393,2025-06-08T18:46:54+00:00,NZ,Organic
157,2025-06-08T23:08:13+00:00,AU,Organic
379,2025-06-09T11:08:43+00:00,NZ,Organic
750,2025-06-09T13:20:43+00:00,NZ,Organic
975,2025-06-10T11:38:36+00:00,UK,Referral
382,2025-06-10T15:35:06+00:00,UK,Organic
272,2025-06-12T17:30:37+00:00,AU,Facebook Ads
926,2025-06-14T02:31:56+00:00,AU,Facebook Ads
464,2025-06-14T20:37:16+00:00,NZ,Organic
706,2025-06-14T23:20:38+00:00,CA,Referral
26,2025-06-15T01:16:28+00:00,CA,Facebook Ads
340,2025-06-15T20:25:27+00:00,AU,Organic
867,2025-06-16T14:26:28+00:00,NZ,Organic
327,2025-06-17T02:06:10+00:00,NZ,Organic
483,2025-06-17T09:45:38+00:00,NZ,Organic
512,2025-06-18T00:44:53+00:00,US,Organic
560,2025-06-18T17:59:51+00:00,UK,Google Ads
410,2025-06-18T18:11:24+00:00,AU,Google Ads
802,2025-06-19T05:20:04+00:00,US,Organic
251,2025-06-19T16:08:31+00:00,AU,Organic
307,2025-06-19T17:22:04+00:00,US,Facebook Ads
595,2025-06-19T19:29:40+00:00,AU,Google Ads
564,2025-06-19T20:41:34+00:00,NZ,Referral
812,2025-06-20T18:39:14+00:00,CA,Organic
945,2025-06-21T06:20:12+00:00,US,Referral
889,2025-06-21T16:05:30+00:00,US,Google Ads
378,2025-06-23T23:41:27+00:00,CA,Organic
743,2025-06-24T01:35:25+00:00,AU,Organic
688,2025-06-24T13:52:23+00:00,NZ,Referral
495,2025-06-24T17:58:37+00:00,CA,Facebook Ads
386,2025-06-24T20:04:46+00:00,NZ,Referral
916,2025-06-24T21:20:35+00:00,NZ,Facebook Ads
250,2025-06-25T14:29:42+00:00,US,Organic
674,2025-06-25T17:09:39+00:00,US,Referral
739,2025-06-25T19:36:32+00:00,NZ,Organic
979,2025-06-26T09:34:29+00:00,NZ,Referral
902,2025-06-26T20:13:00+00:00,US,Organic
522,2025-06-27T07:53:39+00:00,NZ,Google Ads
612,2025-06-27T12:14:16+00:00,AU,Google Ads
69,2025-06-27T13:47:31+00:00,NZ,Referral
345,2025-06-28T02:22:59+00:00,UK,Organic
220,2025-06-28T15:55:10+00:00,NZ,Organic
74,2025-06-28T16:56:36+00:00,NZ,Organic
848,2025-06-29T14:05:16+00:00,NZ,Organic
808,2025-06-29T20:59:47+00:00,NZ,Referral
23,2025-06-29T21:16:05+00:00,UK,Organic
931,2025-06-30T02:28:32+00:00,US,Google Ads
751,2025-06-30T18:05:07+00:00,NZ,Organic
180,2025-07-01T21:05:58+00:00,AU,Organic
888,2025-07-02T03:36:46+00:00,NZ,Organic
718,2025-07-02T14:22:09+00:00,AU,Organic
487,2025-07-02T19:32:33+00:00,AU,Facebook Ads
60,2025-07-02T23:30:58+00:00,AU,Facebook Ads
692,2025-07-03T06:33:06+00:00,US,Google Ads
650,2025-07-03T07:10:31+00:00,NZ,Organic
481,2025-07-03T19:02:46+00:00,AU,Organic
868,2025-07-03T19:38:00+00:00,NZ,Facebook Ads
173,2025-07-04T09:07:50+00:00,NZ,Referral
562,2025-07-04T11:55:43+00:00,US,Google Ads
248,2025-07-04T13:02:59+00:00,UK,Organic
760,2025-07-04T23:03:15+00:00,US,Referral
976,2025-07-05T16:06:25+00:00,AU,Google Ads
385,2025-07-05T17:12:16+00:00,NZ,Referral
50,2025-07-05T18:37:37+00:00,NZ,Facebook Ads
191,2025-07-05T21:41:10+00:00,US,Google Ads
579,2025-07-06T00:08:46+00:00,NZ,Organic
858,2025-07-06T04:11:49+00:00,NZ,Referral
350,2025-07-06T17:14:08+00:00,NZ,Organic
797,2025-07-07T20:08:37+00:00,US,Organic
790,2025-07-08T04:21:57+00:00,NZ,Referral
758,2025-07-08T06:43:23+00:00,NZ,Google Ads
339,2025-07-08T08:26:24+00:00,US,Google Ads
671,2025-07-08T10:46:04+00:00,AU,Organic
927,2025-07-08T11:28:53+00:00,UK,Organic
473,2025-07-08T14:50:44+00:00,AU,Google Ads
35,2025-07-08T15:19:05+00:00,NZ,Google Ads
497,2025-07-08T19:12:29+00:00,NZ,Facebook Ads
499,2025-07-09T05:26:32+00:00,NZ,Google Ads
418,2025-07-09T06:09:11+00:00,NZ,Google Ads
561,2025-07-09T11:01:26+00:00,AU,Organic
403,2025-07-09T11:14:02+00:00,AU,Organic
185,2025-07-10T08:29:03+00:00,NZ,Organic
195,2025-07-11T05:07:25+00:00,NZ,Organic
109,2025-07-11T21:08:46+00:00,US,Organic
753,2025-07-12T06:20:22+00:00,AU,Google Ads
475,2025-07-13T10:51:35+00:00,AU,Referral
96,2025-07-13T11:29:16+00:00,US,Google Ads
453,2025-07-13T11:37:51+00:00,NZ,Google Ads
289,2025-07-13T13:50:43+00:00,NZ,Google Ads
514,2025-07-13T21:47:52+00:00,CA,Organic
834,2025-07-13T23:02:35+00:00,CA,Organic
839,2025-07-14T09:39:58+00:00,NZ,Facebook Ads
421,2025-07-14T10:46:07+00:00,AU,Organic
9,2025-07-14T20:10:38+00:00,UK,Google Ads
141,2025-07-14T20:27:25+00:00,US,Organic
153,2025-07-14T21:08:21+00:00,US,Referral
297,2025-07-15T05:43:04+00:00,CA,Google Ads
832,2025-07-15T14:52:56+00:00,AU,Google Ads
998,2025-07-15T17:18:24+00:00,US,Organic
508,2025-07-16T03:16:04+00:00,US,Google Ads
988,2025-07-16T03:37:38+00:00,NZ,Referral
207,2025-07-16T03:56:26+00:00,NZ,Facebook Ads
896,2025-07-16T05:56:39+00:00,AU,Facebook Ads
178,2025-07-16T06:44:59+00:00,NZ,Google Ads
179,2025-07-16T10:15:00+00:00,US,Google Ads
401,2025-07-16T11:02:14+00:00,NZ,Google Ads
254,2025-07-16T16:49:58+00:00,US,Organic
493,2025-07-17T00:47:45+00:00,CA,Facebook Ads
749,2025-07-17T07:15:04+00:00,NZ,Referral
213,2025-07-17T16:44:44+00:00,CA,Google Ads
614,2025-07-17T19:51:44+00:00,US,Organic
654,2025-07-18T03:08:31+00:00,AU,Organic
548,2025-07-18T13:54:24+00:00,US,Referral
955,2025-07-18T14:03:08+00:00,US,Google Ads
767,2025-07-18T15:39:46+00:00,NZ,Referral
241,2025-07-18T16:23:44+00:00,NZ,Facebook Ads
880,2025-07-19T11:59:02+00:00,NZ,Organic
375,2025-07-19T18:23:51+00:00,NZ,Organic
214,2025-07-20T03:27:42+00:00,NZ,Google Ads
649,2025-07-20T04:23:49+00:00,NZ,Referral
94,2025-07-20T09:45:45+00:00,NZ,Organic
892,2025-07-20T10:16:33+00:00,NZ,Referral
670,2025-07-20T11:49:39+00:00,UK,Google Ads
439,2025-07-20T18:04:14+00:00,AU,Google Ads
388,2025-07-21T00:52:37+00:00,US,Organic
589,2025-07-21T04:08:33+00:00,NZ,Google Ads
209,2025-07-21T10:00:45+00:00,NZ,Google Ads
656,2025-07-21T11:51:57+00:00,AU,Google Ads
994,2025-07-21T21:03:05+00:00,UK,Facebook Ads
400,2025-07-22T04:47:46+00:00,NZ,Google Ads
822,2025-07-22T06:48:13+00:00,AU,Organic
317,2025-07-22T11:28:15+00:00,NZ,Organic
699,2025-07-22T14:44:42+00:00,AU,Organic
510,2025-07-22T22:14:51+00:00,NZ,Referral
959,2025-07-23T19:57:37+00:00,AU,Organic
263,2025-07-23T23:32:19+00:00,NZ,Google Ads
360,2025-07-24T11:13:26+00:00,AU,Referral
616,2025-07-24T17:51:17+00:00,US,Organic
51,2025-07-25T03:59:06+00:00,US,Referral
997,2025-07-25T04:42:09+00:00,AU,Organic
145,2025-07-25T16:12:01+00:00,NZ,Google Ads
811,2025-07-25T19:39:17+00:00,AU,Referral
471,2025-07-25T22:25:47+00:00,CA,Organic
984,2025-07-26T13:36:50+00:00,US,Facebook Ads
108,2025-07-26T19:25:42+00:00,CA,Google Ads
76,2025-07-27T06:53:03+00:00,UK,Organic
384,2025-07-27T08:54:52+00:00,US,Google Ads
503,2025-07-27T18:16:44+00:00,NZ,Organic
365,2025-07-28T01:54:48+00:00,US,Facebook Ads
731,2025-07-28T03:55:49+00:00,US,Organic
397,2025-07-28T19:43:10+00:00,US,Organic
190,2025-07-29T01:00:54+00:00,AU,Facebook Ads
862,2025-07-29T04:12:00+00:00,AU,Organic
85,2025-07-29T08:47:53+00:00,AU,Organic
779,2025-07-29T10:31:55+00:00,US,Organic
587,2025-07-29T12:19:14+00:00,NZ,Organic
847,2025-07-29T22:57:12+00:00,AU,Referral
572,2025-07-30T02:05:10+00:00,US,Facebook Ads
686,2025-07-30T02:29:51+00:00,NZ,Facebook Ads
78,2025-07-30T11:45:12+00:00,US,Referral
836,2025-07-31T01:12:18+00:00,UK,Google Ads
432,2025-07-31T02:13:28+00:00,NZ,Organic
991,2025-07-31T12:04:38+00:00,NZ,Referral
906,2025-08-01T03:43:21+00:00,US,Organic
302,2025-08-01T10:29:45+00:00,US,Organic
459,2025-08-01T22:47:50+00:00,US,Google Ads
425,2025-08-02T04:36:37+00:00,NZ,Referral
477,2025-08-02T05:24:40+00:00,US,Organic
833,2025-08-02T07:33:34+00:00,CA,Google Ads
915,2025-08-02T16:19:36+00:00,AU,Organic
533,2025-08-02T16:22:25+00:00,AU,Organic
774,2025-08-03T12:42:17+00:00,NZ,Referral
958,2025-08-03T13:25:11+00:00,AU,Referral
613,2025-08-03T13:40:15+00:00,US,Google Ads
30,2025-08-03T21:22:51+00:00,NZ,Referral
242,2025-08-04T01:57:10+00:00,AU,Facebook Ads
810,2025-08-04T04:11:01+00:00,CA,Organic
227,2025-08-04T15:47:41+00:00,US,Organic
172,2025-08-04T16:46:39+00:00,NZ,Organic
81,2025-08-04T21:01:15+00:00,AU,Organic
666,2025-08-05T14:18:52+00:00,UK,Referral
217,2025-08-05T17:57:39+00:00,UK,Google Ads
472,2025-08-05T21:07:47+00:00,AU,Organic
805,2025-08-05T23:01:48+00:00,US,Google Ads
119,2025-08-05T23:16:46+00:00,AU,Organic
771,2025-08-06T01:18:12+00:00,NZ,Google Ads
136,2025-08-06T10:40:03+00:00,AU,Organic
83,2025-08-06T15:37:35+00:00,NZ,Referral
364,2025-08-06T21:51:36+00:00,NZ,Referral
871,2025-08-07T01:11:09+00:00,US,Google Ads
40,2025-08-07T06:08:02+00:00,NZ,Google Ads
748,2025-08-07T17:39:47+00:00,NZ,Organic
900,2025-08-07T19:26:26+00:00,NZ,Google Ads
267,2025-08-07T19:45:18+00:00,AU,Google Ads
625,2025-08-08T02:09:00+00:00,NZ,Organic
371,2025-08-08T03:18:39+00:00,NZ,Organic
147,2025-08-08T07:44:56+00:00,US,Google Ads
223,2025-08-08T17:41:24+00:00,US,Organic
897,2025-08-08T22:18:12+00:00,AU,Referral
520,2025-08-08T23:15:55+00:00,US,Google Ads
588,2025-08-08T23:18:28+00:00,US,Referral
285,2025-08-08T23:41:35+00:00,US,Referral
809,2025-08-09T04:49:12+00:00,AU,Google Ads
280,2025-08-09T04:53:03+00:00,US,Organic
465,2025-08-09T17:27:36+00:00,NZ,Google Ads
394,2025-08-10T04:29:32+00:00,NZ,Google Ads
501,2025-08-10T10:07:51+00:00,US,Google Ads
935,2025-08-10T10:09:49+00:00,NZ,Facebook Ads
675,2025-08-10T10:26:41+00:00,NZ,Google Ads
661,2025-08-10T17:44:31+00:00,CA,Google Ads
18,2025-08-10T21:40:38+00:00,AU,Referral
676,2025-08-11T03:06:33+00:00,AU,Google Ads
222,2025-08-11T08:03:32+00:00,US,Referral
240,2025-08-12T20:51:18+00:00,NZ,Facebook Ads
33,2025-08-13T16:26:34+00:00,US,Google Ads
708,2025-08-13T17:59:47+00:00,NZ,Organic
980,2025-08-13T18:26:15+00:00,NZ,Facebook Ads
36,2025-08-13T22:02:32+00:00,US,Referral
197,2025-08-13T22:54:30+00:00,US,Organic
700,2025-08-14T03:10:50+00:00,AU,Organic
876,2025-08-14T05:10:43+00:00,US,Organic
124,2025-08-14T10:23:16+00:00,US,Organic
826,2025-08-14T12:49:02+00:00,NZ,Referral
142,2025-08-14T15:24:00+00:00,NZ,Organic
12,2025-08-14T22:35:46+00:00,US,Facebook Ads
757,2025-08-15T01:59:52+00:00,NZ,Google Ads
504,2025-08-15T12:36:30+00:00,US,Organic
807,2025-08-15T23:59:52+00:00,US,Google Ads
56,2025-08-16T01:11:17+00:00,NZ,Organic
911,2025-08-16T01:41:08+00:00,AU,Google Ads
243,2025-08-16T04:52:45+00:00,NZ,Organic
784,2025-08-16T12:47:10+00:00,UK,Organic
642,2025-08-16T20:19:12+00:00,NZ,Referral
422,2025-08-16T21:30:30+00:00,AU,Referral
735,2025-08-17T01:20:34+00:00,US,Organic
450,2025-08-17T13:23:55+00:00,NZ,Google Ads
578,2025-08-17T14:26:10+00:00,US,Referral
98,2025-08-17T19:25:37+00:00,AU,Google Ads
458,2025-08-18T13:16:12+00:00,NZ,Referral
16,2025-08-18T15:09:03+00:00,NZ,Organic
446,2025-08-18T16:48:07+00:00,UK,Google Ads
803,2025-08-18T17:46:07+00:00,NZ,Referral
538,2025-08-19T03:20:23+00:00,AU,Referral
113,2025-08-19T06:21:46+00:00,US,Referral
88,2025-08-19T06:54:14+00:00,US,Google Ads
648,2025-08-19T22:30:44+00:00,UK,Google Ads
923,2025-08-20T03:55:50+00:00,AU,Organic
435,2025-08-20T04:50:37+00:00,US,Google Ads
363,2025-08-20T08:12:07+00:00,UK,Google Ads
969,2025-08-20T08:58:23+00:00,NZ,Google Ads
754,2025-08-20T20:01:49+00:00,NZ,Facebook Ads
490,2025-08-21T00:10:05+00:00,NZ,Referral
687,2025-08-21T01:23:35+00:00,CA,Google Ads
122,2025-08-21T02:14:22+00:00,CA,Organic
899,2025-08-21T03:47:54+00:00,US,Organic
870,2025-08-21T17:52:52+00:00,NZ,Google Ads
278,2025-08-22T01:12:17+00:00,AU,Google Ads
489,2025-08-22T01:23:15+00:00,NZ,Google Ads
937,2025-08-22T04:13:46+00:00,CA,Google Ads
239,2025-08-22T07:00:21+00:00,NZ,Referral
615,2025-08-22T08:18:41+00:00,AU,Organic
918,2025-08-22T10:51:58+00:00,AU,Organic
233,2025-08-22T14:21:23+00:00,US,Referral
38,2025-08-22T19:09:07+00:00,NZ,Organic
775,2025-08-22T21:23:55+00:00,CA,Referral
556,2025-08-23T05:03:13+00:00,US,Facebook Ads
737,2025-08-23T07:09:03+00:00,CA,Organic
658,2025-08-23T12:22:46+00:00,NZ,Organic
408,2025-08-23T16:40:53+00:00,AU,Organic
158,2025-08-24T00:37:32+00:00,NZ,Google Ads
669,2025-08-24T05:56:01+00:00,AU,Organic
828,2025-08-24T10:25:39+00:00,NZ,Facebook Ads
792,2025-08-24T12:33:43+00:00,NZ,Google Ads
765,2025-08-24T17:13:13+00:00,NZ,Facebook Ads
890,2025-08-24T22:38:59+00:00,NZ,Facebook Ads
603,2025-08-25T04:22:18+00:00,US,Organic
392,2025-08-25T04:23:25+00:00,NZ,Facebook Ads
993,2025-08-25T12:20:31+00:00,NZ,Google Ads
815,2025-08-25T15:08:32+00:00,NZ,Google Ads
398,2025-08-25T16:08:28+00:00,AU,Organic
296,2025-08-25T23:12:18+00:00,AU,Google Ads
646,2025-08-26T08:37:07+00:00,US,Organic
607,2025-08-26T09:38:14+00:00,AU,Organic
724,2025-08-26T15:11:31+00:00,CA,Organic
629,2025-08-27T04:03:17+00:00,NZ,Facebook Ads
443,2025-08-27T04:38:06+00:00,AU,Referral
962,2025-08-27T06:45:48+00:00,NZ,Google Ads
632,2025-08-27T08:52:24+00:00,US,Organic
762,2025-08-27T09:00:21+00:00,US,Organic
63,2025-08-27T15:54:44+00:00,NZ,Organic
715,2025-08-27T22:52:17+00:00,NZ,Facebook Ads
799,2025-08-28T04:19:44+00:00,NZ,Facebook Ads
104,2025-08-28T08:16:41+00:00,US,Referral
714,2025-08-28T10:01:49+00:00,UK,Organic
226,2025-08-28T15:28:20+00:00,AU,Referral
352,2025-08-28T17:18:40+00:00,AU,Organic
205,2025-08-28T21:56:53+00:00,NZ,Organic
789,2025-08-29T00:35:17+00:00,AU,Organic
942,2025-08-29T01:06:33+00:00,US,Organic
154,2025-08-29T15:22:48+00:00,NZ,Referral
448,2025-08-29T19:34:52+00:00,US,Referral
552,2025-08-29T20:33:34+00:00,AU,Organic
318,2025-08-29T20:39:58+00:00,UK,Google Ads
92,2025-08-30T04:41:11+00:00,NZ,Facebook Ads
639,2025-08-30T10:10:40+00:00,NZ,Referral
304,2025-08-30T10:38:03+00:00,US,Google Ads
366,2025-08-30T17:29:41+00:00,NZ,Organic
910,2025-08-30T21:30:58+00:00,AU,Referral
782,2025-08-30T22:01:02+00:00,UK,Organic
696,2025-08-31T05:35:47+00:00,NZ,Organic
928,2025-08-31T09:13:33+00:00,US,Referral
577,2025-08-31T11:47:37+00:00,US,Google Ads
563,2025-08-31T19:12:36+00:00,NZ,Google Ads
829,2025-08-31T23:36:38+00:00,CA,Referral
602,2025-09-01T00:33:52+00:00,NZ,Facebook Ads
478,2025-09-01T02:52:09+00:00,NZ,Organic
75,2025-09-01T05:12:56+00:00,US,Organic
441,2025-09-01T06:33:55+00:00,NZ,Organic
814,2025-09-01T11:05:44+00:00,AU,Organic
932,2025-09-01T15:57:32+00:00,AU,Organic
252,2025-09-01T16:47:03+00:00,AU,Organic
944,2025-09-01T18:48:19+00:00,CA,Organic
218,2025-09-02T00:41:59+00:00,NZ,Google Ads
484,2025-09-02T05:40:31+00:00,US,Google Ads
711,2025-09-02T09:38:01+00:00,AU,Referral
427,2025-09-02T18:09:03+00:00,US,Referral
823,2025-09-03T05:59:28+00:00,US,Organic
372,2025-09-03T06:20:31+00:00,AU,Organic
368,2025-09-03T08:06:12+00:00,NZ,Referral
447,2025-09-03T15:42:08+00:00,NZ,Organic
15,2025-09-04T01:25:36+00:00,US,Google Ads
843,2025-09-04T05:49:37+00:00,AU,Google Ads
246,2025-09-04T12:13:29+00:00,UK,Referral
181,2025-09-04T18:42:31+00:00,UK,Referral
693,2025-09-04T23:14:34+00:00,NZ,Organic
182,2025-09-05T02:49:32+00:00,UK,Referral
106,2025-09-05T16:48:15+00:00,UK,Facebook Ads
269,2025-09-05T22:41:11+00:00,NZ,Facebook Ads
768,2025-09-05T22:44:42+00:00,CA,Facebook Ads
399,2025-09-06T05:36:36+00:00,NZ,Google Ads
819,2025-09-06T06:14:02+00:00,CA,Organic
118,2025-09-06T09:06:30+00:00,US,Google Ads
551,2025-09-06T13:31:08+00:00,US,Facebook Ads
701,2025-09-06T17:25:32+00:00,US,Referral
986,2025-09-06T21:42:04+00:00,US,Organic
6,2025-09-06T23:04:35+00:00,NZ,Facebook Ads
390,2025-09-07T01:35:16+00:00,US,Organic
549,2025-09-07T04:51:47+00:00,CA,Google Ads
452,2025-09-08T15:50:49+00:00,NZ,Organic
783,2025-09-08T16:19:21+00:00,CA,Organic
32,2025-09-08T17:03:53+00:00,NZ,Organic
707,2025-09-08T18:34:13+00:00,US,Facebook Ads
580,2025-09-08T21:16:47+00:00,CA,Facebook Ads
732,2025-09-08T23:41:54+00:00,US,Organic
920,2025-09-09T00:21:24+00:00,AU,Organic
904,2025-09-09T02:19:19+00:00,NZ,Google Ads
744,2025-09-09T02:25:32+00:00,US,Google Ads
409,2025-09-09T23:16:37+00:00,NZ,Organic
606,2025-09-10T00:49:27+00:00,UK,Referral
727,2025-09-10T01:46:51+00:00,AU,Google Ads
929,2025-09-10T05:07:23+00:00,NZ,Google Ads
22,2025-09-10T12:30:31+00:00,NZ,Google Ads
374,2025-09-10T22:37:09+00:00,NZ,Google Ads
860,2025-09-10T23:49:28+00:00,UK,Organic
515,2025-09-11T02:35:59+00:00,NZ,Facebook Ads
5,2025-09-11T05:56:24+00:00,NZ,Referral
573,2025-09-11T07:20:20+00:00,AU,Organic
377,2025-09-11T07:50:14+00:00,NZ,Google Ads
103,2025-09-11T08:40:20+00:00,NZ,Referral
907,2025-09-11T12:46:36+00:00,NZ,Google Ads
886,2025-09-11T16:26:33+00:00,NZ,Referral
985,2025-09-11T17:44:15+00:00,NZ,Organic
925,2025-09-11T22:02:17+00:00,NZ,Referral
849,2025-09-11T22:41:58+00:00,NZ,Google Ads
643,2025-09-12T01:55:42+00:00,NZ,Google Ads
523,2025-09-12T04:49:06+00:00,US,Organic
148,2025-09-12T09:08:06+00:00,AU,Facebook Ads
496,2025-09-12T11:52:17+00:00,CA,Referral
951,2025-09-12T17:20:17+00:00,NZ,Referral
469,2025-09-12T17:35:30+00:00,UK,Organic
224,2025-09-13T07:05:29+00:00,NZ,Organic
413,2025-09-13T07:33:25+00:00,AU,Referral
835,2025-09-13T16:48:40+00:00,CA,Organic
820,2025-09-14T00:59:17+00:00,NZ,Organic
41,2025-09-14T02:43:27+00:00,US,Google Ads
49,2025-09-14T03:26:09+00:00,CA,Organic
617,2025-09-14T06:54:04+00:00,AU,Google Ads
597,2025-09-14T16:40:40+00:00,NZ,Referral
842,2025-09-15T02:46:32+00:00,CA,Facebook Ads
283,2025-09-15T03:39:55+00:00,US,Google Ads
535,2025-09-15T03:44:33+00:00,UK,Organic
989,2025-09-15T10:35:06+00:00,NZ,Organic
373,2025-09-15T10:39:42+00:00,NZ,Organic
837,2025-09-15T12:56:19+00:00,NZ,Referral
381,2025-09-15T14:22:49+00:00,CA,Google Ads
604,2025-09-16T17:00:44+00:00,US,Referral
525,2025-09-16T19:00:48+00:00,NZ,Organic
712,2025-09-17T04:56:19+00:00,US,Facebook Ads
429,2025-09-17T12:38:36+00:00,NZ,Google Ads
532,2025-09-17T13:30:34+00:00,CA,Organic
152,2025-09-17T19:33:21+00:00,US,Organic
917,2025-09-18T00:13:36+00:00,NZ,Facebook Ads
697,2025-09-18T13:47:06+00:00,NZ,Organic
266,2025-09-18T20:13:12+00:00,US,Organic
295,2025-09-18T23:38:12+00:00,NZ,Organic
736,2025-09-19T04:20:32+00:00,NZ,Referral
273,2025-09-19T21:45:26+00:00,NZ,Organic
857,2025-09-19T21:55:09+00:00,US,Facebook Ads
908,2025-09-20T00:53:11+00:00,AU,Google Ads
162,2025-09-20T01:38:03+00:00,NZ,Organic
761,2025-09-20T04:55:53+00:00,US,Organic
863,2025-09-20T08:00:29+00:00,NZ,Organic
539,2025-09-20T08:11:35+00:00,NZ,Google Ads
690,2025-09-20T08:33:02+00:00,NZ,Organic
961,2025-09-20T11:19:21+00:00,NZ,Referral
571,2025-09-20T18:25:54+00:00,CA,Google Ads
168,2025-09-21T00:19:26+00:00,AU,Referral
412,2025-09-21T02:33:16+00:00,NZ,Organic
569,2025-09-21T04:55:10+00:00,UK,Referral
681,2025-09-21T12:42:31+00:00,AU,Google Ads
619,2025-09-21T14:39:28+00:00,NZ,Referral
55,2025-09-21T15:36:38+00:00,CA,Facebook Ads
921,2025-09-21T17:53:10+00:00,UK,Referral
249,2025-09-21T21:37:07+00:00,UK,Referral
960,2025-09-21T22:44:28+00:00,US,Google Ads
677,2025-09-22T02:02:53+00:00,AU,Referral
102,2025-09-22T03:30:04+00:00,NZ,Google Ads
64,2025-09-22T03:55:14+00:00,US,Organic
546,2025-09-22T07:52:06+00:00,UK,Organic
58,2025-09-22T22:25:02+00:00,AU,Google Ads
763,2025-09-23T03:19:28+00:00,US,Organic
850,2025-09-23T05:45:46+00:00,NZ,Organic
488,2025-09-23T07:39:10+00:00,US,Facebook Ads
281,2025-09-23T09:13:48+00:00,NZ,Organic
611,2025-09-23T23:41:24+00:00,US,Google Ads
691,2025-09-24T02:53:19+00:00,CA,Referral
456,2025-09-25T07:58:54+00:00,CA,Organic
630,2025-09-25T12:04:34+00:00,US,Referral
506,2025-09-25T14:43:29+00:00,NZ,Organic
741,2025-09-26T12:09:08+00:00,NZ,Organic
854,2025-09-26T16:39:10+00:00,US,Organic
468,2025-09-26T17:30:11+00:00,US,Google Ads
891,2025-09-26T22:18:27+00:00,NZ,Facebook Ads
234,2025-09-27T01:52:14+00:00,UK,Organic
62,2025-09-27T09:19:17+00:00,NZ,Google Ads
424,2025-09-27T13:01:15+00:00,AU,Organic
730,2025-09-27T13:26:59+00:00,NZ,Referral
756,2025-09-27T14:39:09+00:00,CA,Referral
349,2025-09-27T21:01:30+00:00,AU,Referral
526,2025-09-28T17:02:54+00:00,AU,Organic
1,2025-09-28T18:41:48+00:00,NZ,Referral
919,2025-09-29T11:04:09+00:00,NZ,Organic
326,2025-09-29T20:12:20+00:00,NZ,Google Ads
361,2025-09-29T20:54:32+00:00,NZ,Google Ads
605,2025-09-30T15:48:30+00:00,US,Organic
293,2025-09-30T20:45:45+00:00,CA,Google Ads
956,2025-10-01T15:57:43+00:00,NZ,Organic
449,2025-10-01T21:41:27+00:00,AU,Referral
872,2025-10-02T20:22:02+00:00,CA,Google Ads
480,2025-10-03T08:14:23+00:00,UK,Organic
884,2025-10-03T09:30:08+00:00,US,Facebook Ads
457,2025-10-03T09:38:56+00:00,AU,Facebook Ads
973,2025-10-03T15:07:22+00:00,US,Organic
583,2025-10-03T15:35:03+00:00,NZ,Google Ads
21,2025-10-03T15:54:07+00:00,NZ,Organic
524,2025-10-04T02:43:42+00:00,AU,Referral
174,2025-10-04T15:12:38+00:00,NZ,Facebook Ads
65,2025-10-05T09:47:28+00:00,NZ,Organic
894,2025-10-05T19:36:31+00:00,US,Organic
594,2025-10-05T22:34:11+00:00,US,Organic
565,2025-10-06T09:22:20+00:00,CA,Organic
419,2025-10-06T11:38:45+00:00,CA,Facebook Ads
516,2025-10-06T15:20:22+00:00,US,Organic
139,2025-10-06T15:50:48+00:00,US,Organic
121,2025-10-06T21:57:21+00:00,UK,Referral
175,2025-10-07T08:53:33+00:00,NZ,Organic
781,2025-10-07T16:29:35+00:00,CA,Facebook Ads
309,2025-10-08T05:33:04+00:00,NZ,Organic
866,2025-10-08T06:37:42+00:00,NZ,Referral
655,2025-10-08T10:35:50+00:00,AU,Organic
212,2025-10-08T21:55:21+00:00,AU,Google Ads
123,2025-10-08T23:55:19+00:00,UK,Referral
513,2025-10-09T07:18:05+00:00,US,Facebook Ads
667,2025-10-09T17:23:29+00:00,US,Referral
554,2025-10-10T08:35:54+00:00,NZ,Organic
954,2025-10-10T19:57:21+00:00,AU,Facebook Ads
341,2025-10-11T00:24:43+00:00,AU,Organic
559,2025-10-11T08:23:23+00:00,NZ,Organic
796,2025-10-11T14:34:08+00:00,NZ,Organic
271,2025-10-11T22:07:48+00:00,AU,Organic
265,2025-10-11T22:47:59+00:00,NZ,Organic
786,2025-10-12T20:19:15+00:00,NZ,Google Ads
440,2025-10-13T12:08:06+00:00,UK,Organic
130,2025-10-13T16:19:26+00:00,NZ,Google Ads
331,2025-10-14T03:13:34+00:00,UK,Referral
536,2025-10-15T10:44:00+00:00,AU,Google Ads
914,2025-10-15T13:59:47+00:00,NZ,Organic
19,2025-10-16T06:06:01+00:00,NZ,Organic
626,2025-10-16T06:21:26+00:00,NZ,Organic
747,2025-10-16T12:41:36+00:00,US,Google Ads
315,2025-10-17T15:35:52+00:00,NZ,Organic
338,2025-10-18T02:36:52+00:00,NZ,Organic
665,2025-10-18T05:04:33+00:00,AU,Google Ads
31,2025-10-18T13:48:37+00:00,NZ,Organic
37,2025-10-19T16:51:36+00:00,NZ,Google Ads
922,2025-10-19T19:24:11+00:00,AU,Organic
93,2025-10-20T00:14:16+00:00,UK,Google Ads
941,2025-10-20T02:21:29+00:00,AU,Facebook Ads
703,2025-10-20T14:59:22+00:00,NZ,Google Ads
430,2025-10-21T00:56:46+00:00,NZ,Facebook Ads
329,2025-10-21T02:13:42+00:00,UK,Facebook Ads
570,2025-10-21T10:26:40+00:00,NZ,Google Ads
817,2025-10-21T11:11:54+00:00,NZ,Facebook Ads
411,2025-10-21T12:23:37+00:00,NZ,Organic
695,2025-10-22T07:36:40+00:00,AU,Organic
438,2025-10-22T10:59:29+00:00,NZ,Referral
203,2025-10-22T14:11:39+00:00,AU,Organic
566,2025-10-22T16:31:49+00:00,US,Referral
963,2025-10-22T17:05:59+00:00,NZ,Facebook Ads
800,2025-10-23T16:58:08+00:00,US,Organic
200,2025-10-23T23:03:54+00:00,NZ,Organic
723,2025-10-24T02:46:20+00:00,AU,Organic
380,2025-10-24T10:56:30+00:00,NZ,Organic
138,2025-10-25T05:36:48+00:00,NZ,Organic
66,2025-10-25T10:17:46+00:00,NZ,Organic
333,2025-10-25T13:41:52+00:00,AU,Organic
943,2025-10-25T21:47:19+00:00,US,Referral
29,2025-10-25T22:42:06+00:00,NZ,Organic
608,2025-10-26T00:35:23+00:00,UK,Google Ads
405,2025-10-26T11:24:30+00:00,AU,Referral
287,2025-10-26T22:18:44+00:00,CA,Organic
292,2025-10-28T14:53:14+00:00,NZ,Organic
939,2025-10-28T16:07:00+00:00,CA,Facebook Ads
824,2025-10-28T19:31:44+00:00,CA,Google Ads
576,2025-10-29T14:49:55+00:00,UK,Organic
303,2025-10-30T04:02:09+00:00,UK,Google Ads
323,2025-10-30T16:52:49+00:00,NZ,Google Ads
821,2025-10-31T13:14:47+00:00,AU,Google Ads
541,2025-10-31T19:21:23+00:00,UK,Referral
164,2025-11-01T01:44:07+00:00,AU,Organic
228,2025-11-01T03:25:26+00:00,US,Organic
846,2025-11-01T05:29:37+00:00,UK,Organic
938,2025-11-02T14:24:45+00:00,NZ,Facebook Ads
451,2025-11-02T22:33:27+00:00,NZ,Google Ads
585,2025-11-03T03:16:39+00:00,NZ,Facebook Ads
128,2025-11-03T15:56:12+00:00,UK,Google Ads
851,2025-11-04T02:07:45+00:00,AU,Referral
885,2025-11-04T22:55:17+00:00,NZ,Google Ads
335,2025-11-05T00:29:45+00:00,US,Organic
262,2025-11-05T04:26:38+00:00,NZ,Organic
582,2025-11-06T12:06:06+00:00,CA,Google Ads
301,2025-11-06T18:54:16+00:00,UK,Google Ads
1000,2025-11-07T21:56:20+00:00,NZ,Organic
77,2025-11-08T01:29:03+00:00,US,Organic
968,2025-11-08T04:55:57+00:00,UK,Referral
111,2025-11-09T13:25:24+00:00,AU,Organic
300,2025-11-09T17:16:08+00:00,US,Organic
861,2025-11-10T20:11:07+00:00,UK,Organic
336,2025-11-11T01:05:04+00:00,NZ,Organic
742,2025-11-11T02:30:36+00:00,US,Organic
261,2025-11-11T09:28:51+00:00,NZ,Facebook Ads
702,2025-11-11T21:10:34+00:00,AU,Organic
144,2025-11-12T00:57:20+00:00,NZ,Organic
370,2025-11-12T04:42:41+00:00,CA,Facebook Ads
84,2025-11-12T11:10:53+00:00,AU,Organic
116,2025-11-12T16:19:54+00:00,UK,Google Ads
324,2025-11-12T16:51:32+00:00,NZ,Referral
970,2025-11-13T05:44:58+00:00,NZ,Facebook Ads
694,2025-11-13T06:12:33+00:00,AU,Referral
647,2025-11-13T07:00:02+00:00,NZ,Organic
286,2025-11-13T07:32:50+00:00,US,Organic
845,2025-11-13T13:20:28+00:00,CA,Referral
196,2025-11-13T14:17:53+00:00,UK,Google Ads
778,2025-11-13T16:45:06+00:00,NZ,Referral
855,2025-11-13T17:24:02+00:00,US,Organic
791,2025-11-13T21:08:05+00:00,AU,Organic
794,2025-11-14T07:36:09+00:00,CA,Referral
645,2025-11-14T10:00:10+00:00,NZ,Google Ads
165,2025-11-14T14:24:07+00:00,US,Facebook Ads
485,2025-11-15T00:12:54+00:00,NZ,Organic
912,2025-11-16T04:40:29+00:00,AU,Facebook Ads
982,2025-11-16T12:04:21+00:00,NZ,Google Ads
974,2025-11-16T14:54:10+00:00,NZ,Facebook Ads
864,2025-11-16T15:34:51+00:00,US,Referral
479,2025-11-16T19:27:05+00:00,US,Referral
950,2025-11-17T03:13:34+00:00,CA,Google Ads
346,2025-11-17T03:18:50+00:00,NZ,Facebook Ads
129,2025-11-17T03:55:43+00:00,NZ,Google Ads
73,2025-11-17T12:08:49+00:00,US,Facebook Ads
830,2025-11-18T16:41:56+00:00,CA,Google Ads
766,2025-11-18T16:48:16+00:00,AU,Google Ads
311,2025-11-18T17:25:05+00:00,NZ,Facebook Ads
391,2025-11-18T17:30:41+00:00,AU,Organic
555,2025-11-19T01:25:06+00:00,NZ,Organic
202,2025-11-19T15:51:36+00:00,NZ,Referral
733,2025-11-20T00:40:49+00:00,UK,Google Ads
445,2025-11-20T01:56:50+00:00,US,Google Ads
793,2025-11-20T20:43:14+00:00,AU,Organic
476,2025-11-20T22:43:45+00:00,UK,Referral
330,2025-11-21T06:55:43+00:00,US,Organic
115,2025-11-21T15:58:42+00:00,NZ,Organic
404,2025-11-22T06:33:58+00:00,US,Google Ads
591,2025-11-22T11:55:58+00:00,UK,Google Ads
672,2025-11-22T17:52:24+00:00,UK,Google Ads
831,2025-11-23T01:33:06+00:00,NZ,Organic
878,2025-11-23T19:36:50+00:00,NZ,Facebook Ads
237,2025-11-23T21:23:45+00:00,NZ,Organic
194,2025-11-24T02:23:52+00:00,NZ,Referral
596,2025-11-24T20:56:36+00:00,NZ,Facebook Ads
924,2025-11-25T09:45:54+00:00,AU,Organic
39,2025-11-25T14:11:10+00:00,NZ,Organic
316,2025-11-25T20:00:07+00:00,NZ,Facebook Ads
321,2025-11-26T03:24:16+00:00,UK,Google Ads
310,2025-11-26T16:10:26+00:00,NZ,Organic
308,2025-11-26T22:20:33+00:00,AU,Organic
100,2025-11-27T11:35:41+00:00,AU,Facebook Ads
187,2025-11-28T09:23:51+00:00,CA,Organic
7,2025-11-29T02:21:38+00:00,NZ,Facebook Ads
320,2025-11-29T10:24:58+00:00,US,Google Ads
844,2025-11-29T22:34:08+00:00,AU,Organic
875,2025-11-30T02:03:06+00:00,NZ,Organic
133,2025-11-30T14:09:20+00:00,NZ,Referral
713,2025-12-01T09:14:13+00:00,NZ,Facebook Ads
357,2025-12-01T18:38:25+00:00,NZ,Organic
110,2025-12-01T20:31:18+00:00,NZ,Google Ads
901,2025-12-02T10:22:35+00:00,NZ,Google Ads
840,2025-12-02T22:33:57+00:00,CA,Organic
600,2025-12-03T14:19:23+00:00,NZ,Organic
221,2025-12-03T15:20:15+00:00,US,Referral
183,2025-12-03T23:46:06+00:00,NZ,Organic
99,2025-12-04T00:32:42+00:00,AU,Organic
949,2025-12-04T00:39:35+00:00,UK,Facebook Ads
353,2025-12-05T09:43:56+00:00,CA,Organic
171,2025-12-05T13:53:57+00:00,NZ,Facebook Ads
746,2025-12-05T15:35:12+00:00,UK,Facebook Ads
952,2025-12-05T22:51:18+00:00,US,Facebook Ads
72,2025-12-06T02:19:45+00:00,AU,Google Ads
201,2025-12-06T03:26:58+00:00,UK,Google Ads
434,2025-12-06T07:53:26+00:00,US,Organic
804,2025-12-06T10:53:56+00:00,AU,Referral
542,2025-12-06T15:27:13+00:00,NZ,Facebook Ads
444,2025-12-06T15:57:39+00:00,US,Organic
256,2025-12-06T23:52:08+00:00,AU,Google Ads
995,2025-12-07T04:56:37+00:00,US,Facebook Ads
97,2025-12-07T14:19:43+00:00,UK,Referral
673,2025-12-07T16:43:31+00:00,US,Google Ads
521,2025-12-09T06:14:12+00:00,NZ,Organic
61,2025-12-09T11:01:21+00:00,CA,Organic
755,2025-12-10T05:22:39+00:00,NZ,Facebook Ads
151,2025-12-10T09:29:46+00:00,NZ,Organic
947,2025-12-11T14:42:07+00:00,CA,Facebook Ads
825,2025-12-11T14:56:15+00:00,CA,Referral
978,2025-12-11T17:41:04+00:00,UK,Facebook Ads
663,2025-12-12T10:46:29+00:00,NZ,Google Ads
25,2025-12-12T12:23:11+00:00,NZ,Google Ads
653,2025-12-12T20:09:44+00:00,US,Organic
87,2025-12-13T01:10:54+00:00,AU,Organic
722,2025-12-13T18:58:13+00:00,NZ,Referral
568,2025-12-13T19:18:29+00:00,US,Google Ads
631,2025-12-16T05:12:57+00:00,NZ,Facebook Ads
527,2025-12-16T11:39:20+00:00,NZ,Organic
787,2025-12-17T08:51:03+00:00,US,Google Ads
641,2025-12-18T16:07:16+00:00,NZ,Referral
798,2025-12-18T21:51:12+00:00,AU,Organic
322,2025-12-18T23:18:01+00:00,UK,Organic
953,2025-12-19T07:10:04+00:00,US,Google Ads
389,2025-12-19T12:49:37+00:00,NZ,Organic
999,2025-12-20T18:28:12+00:00,NZ,Referral
558,2025-12-21T03:28:47+00:00,AU,Organic
903,2025-12-21T06:44:18+00:00,UK,Google Ads
574,2025-12-21T09:45:17+00:00,US,Referral
347,2025-12-22T09:38:05+00:00,CA,Referral
268,2025-12-22T11:58:43+00:00,NZ,Facebook Ads
752,2025-12-22T13:27:23+00:00,US,Organic
34,2025-12-22T15:36:56+00:00,NZ,Facebook Ads
770,2025-12-22T16:02:16+00:00,NZ,Organic
486,2025-12-22T16:18:12+00:00,US,Organic
216,2025-12-22T21:41:24+00:00,UK,Referral
274,2025-12-22T23:57:53+00:00,NZ,Organic
260,2025-12-23T07:17:25+00:00,AU,Organic
215,2025-12-24T07:30:22+00:00,US,Referral
547,2025-12-24T08:51:15+00:00,UK,Google Ads
351,2025-12-24T12:50:51+00:00,NZ,Organic
987,2025-12-24T22:36:53+00:00,AU,Organic
244,2025-12-24T23:26:06+00:00,AU,Referral
856,2025-12-25T05:58:21+00:00,AU,Organic
964,2025-12-25T14:36:08+00:00,NZ,Facebook Ads
698,2025-12-25T20:36:22+00:00,NZ,Organic
199,2025-12-26T05:07:08+00:00,CA,Facebook Ads
230,2025-12-27T02:50:38+00:00,CA,Organic
726,2025-12-27T03:38:41+00:00,US,Referral
725,2025-12-27T22:44:36+00:00,US,Facebook Ads
936,2025-12-28T03:52:33+00:00,CA,Google Ads
210,2025-12-28T21:33:49+00:00,AU,Google Ads
134,2025-12-28T22:11:49+00:00,NZ,Referral
54,2025-12-29T13:16:24+00:00,AU,Referral
777,2025-12-29T20:24:14+00:00,NZ,Google Ads
255,2025-12-30T05:44:37+00:00,UK,Organic
442,2025-12-30T16:43:26+00:00,US,Organic
355,2025-12-31T00:35:55+00:00,UK,Organic
678,2025-12-31T04:11:55+00:00,NZ,Facebook Ads
328,2025-12-31T17:34:00+00:00,NZ,Google Ads
