subscription_id,customer_id,plan_type,started_date,ended_date,billing_cycle,sub_status,monthly_price
1,865,basic,2025-01-01T19:56:31+00:00,2025-06-02T18:59:22+00:00,monthly,cancelled,20
2,957,pro,2025-01-02T03:24:03+00:00,,monthly,active,50
3,729,basic,2025-01-02T10:22:56+00:00,2025-04-21T15:51:22+00:00,monthly,cancelled,20
4,494,pro,2025-01-03T02:35:18+00:00,,yearly,active,50
5,298,pro,2025-01-06T05:47:32+00:00,2025-09-01T02:42:51+00:00,monthly,cancelled,50
6,428,basic,2025-01-06T08:59:11+00:00,2025-04-27T02:36:39+00:00,monthly,cancelled,20
7,20,pro,2025-01-07T05:40:18+00:00,,monthly,active,50
8,909,pro,2025-01-07T10:53:21+00:00,2025-06-16T21:37:27+00:00,monthly,cancelled,50
9,68,basic,2025-01-07T14:13:58+00:00,,monthly,active,20
10,519,basic,2025-01-07T15:47:12+00:00,2025-02-28T15:02:38+00:00,monthly,cancelled,20
11,42,basic,2025-01-07T20:09:53+00:00,2025-09-24T00:49:25+00:00,monthly,cancelled,20
12,90,pro,2025-01-09T20:26:32+00:00,,yearly,active,50
13,544,pro,2025-01-12T12:17:28+00:00,,monthly,active,50
14,482,basic,2025-01-13T12:39:41+00:00,,monthly,active,20
15,818,pro,2025-01-13T15:30:08+00:00,2025-08-16T22:11:51+00:00,monthly,cancelled,50
16,325,pro,2025-01-15T15:02:18+00:00,2025-11-21T19:47:50+00:00,monthly,cancelled,50
17,852,basic,2025-01-15T20:23:05+00:00,,monthly,active,20
18,529,basic,2025-01-16T05:48:58+00:00,2025-02-13T17:04:06+00:00,monthly,cancelled,20
19,638,pro,2025-01-16T12:43:19+00:00,,monthly,active,50
20,599,basic,2025-01-16T17:14:51+00:00,,monthly,active,20
21,395,basic,2025-01-17T02:25:23+00:00,,monthly,active,20
22,502,basic,2025-01-17T08:56:34+00:00,2025-05-17T20:28:05+00:00,monthly,cancelled,20
23,270,basic,2025-01-17T17:44:40+00:00,2025-02-23T07:56:59+00:00,monthly,cancelled,20
24,125,basic,2025-01-19T09:29:54+00:00,,monthly,active,20
25,101,basic,2025-01-20T19:18:19+00:00,,monthly,active,20
26,827,basic,2025-01-20T23:52:24+00:00,,monthly,active,20
27,127,basic,2025-01-21T18:37:39+00:00,,monthly,active,20
28,2,basic,2025-01-22T07:10:28+00:00,,monthly,active,20
29,967,basic,2025-01-23T14:30:14+00:00,,monthly,active,20
30,291,basic,2025-01-24T08:12:39+00:00,,monthly,active,20
31,369,basic,2025-01-24T18:31:21+00:00,,monthly,active,20
32,343,basic,2025-01-24T19:04:48+00:00,,yearly,active,20
33,505,pro,2025-01-25T07:48:21+00:00,,monthly,active,50
34,883,basic,2025-01-25T13:53:35+00:00,,monthly,active,20
35,590,basic,2025-01-27T05:01:02+00:00,2025-12-22T02:17:40+00:00,monthly,cancelled,20
36,416,basic,2025-01-29T04:28:10+00:00,,yearly,active,20
37,10,pro,2025-01-29T13:10:03+00:00,2025-10-06T07:03:23+00:00,monthly,cancelled,50
38,996,basic,2025-01-29T20:51:00+00:00,2025-05-17T02:03:43+00:00,monthly,cancelled,20
39,685,basic,2025-01-30T06:41:31+00:00,,yearly,active,20
40,717,basic,2025-01-30T18:09:06+00:00,,monthly,active,20
41,13,basic,2025-01-30T23:34:16+00:00,,yearly,active,20
42,584,pro,2025-02-01T12:33:48+00:00,,monthly,active,50
43,137,basic,2025-02-01T14:17:13+00:00,,monthly,active,20
44,407,pro,2025-02-02T20:20:06+00:00,2025-11-09T18:35:00+00:00,monthly,cancelled,50
45,135,basic,2025-02-03T15:21:40+00:00,,monthly,active,20
46,776,basic,2025-02-04T00:18:55+00:00,,yearly,active,20
47,299,pro,2025-02-04T12:02:27+00:00,,monthly,active,50
48,257,pro,2025-02-04T12:42:38+00:00,,yearly,active,50
49,992,pro,2025-02-04T21:52:38+00:00,2025-10-27T08:02:04+00:00,monthly,cancelled,50
50,659,basic,2025-02-05T08:57:02+00:00,2025-06-10T22:33:57+00:00,monthly,cancelled,20
51,550,pro,2025-02-05T15:51:00+00:00,,monthly,active,50
52,609,basic,2025-02-07T13:56:35+00:00,2025-11-20T20:18:19+00:00,monthly,cancelled,20
53,470,basic,2025-02-09T09:36:22+00:00,2025-06-04T05:46:46+00:00,monthly,cancelled,20
54,28,basic,2025-02-09T18:03:09+00:00,2025-11-09T23:29:19+00:00,monthly,cancelled,20
55,184,pro,2025-02-09T20:14:29+00:00,2025-02-28T03:56:21+00:00,monthly,cancelled,50
56,177,basic,2025-02-10T05:02:35+00:00,,monthly,active,20
57,376,basic,2025-02-11T13:10:00+00:00,,monthly,active,20
58,132,basic,2025-02-11T13:36:57+00:00,,yearly,active,20
59,972,basic,2025-02-11T14:31:01+00:00,,monthly,active,20
60,704,basic,2025-02-11T17:20:54+00:00,,monthly,active,20
61,509,basic,2025-02-13T20:50:14+00:00,,monthly,active,20
62,601,basic,2025-02-14T08:09:19+00:00,,monthly,active,20
63,208,basic,2025-02-15T01:04:16+00:00,2025-12-14T01:52:46+00:00,monthly,cancelled,20
64,27,pro,2025-02-15T08:14:53+00:00,,monthly,active,50
65,225,basic,2025-02-15T18:28:05+00:00,,monthly,active,20
66,657,basic,2025-02-15T23:12:01+00:00,,monthly,active,20
67,461,basic,2025-02-17T00:24:41+00:00,,monthly,active,20
68,853,basic,2025-02-17T22:24:46+00:00,,yearly,active,20
69,166,basic,2025-02-18T08:30:44+00:00,,monthly,active,20
70,45,basic,2025-02-18T12:35:20+00:00,,monthly,active,20
71,253,pro,2025-02-18T13:53:37+00:00,2025-09-11T21:15:05+00:00,monthly,cancelled,50
72,716,basic,2025-02-18T16:35:36+00:00,,monthly,active,20
73,981,basic,2025-02-20T07:35:10+00:00,,monthly,active,20
74,8,basic,2025-02-20T15:45:01+00:00,,yearly,active,20
75,231,pro,2025-02-20T20:19:56+00:00,,yearly,active,50
76,684,pro,2025-02-20T22:04:00+00:00,,monthly,active,50
77,89,basic,2025-02-21T07:43:13+00:00,,monthly,active,20
78,95,basic,2025-02-21T08:27:57+00:00,,yearly,active,20
79,161,basic,2025-02-21T08:49:34+00:00,,yearly,active,20
80,288,basic,2025-02-22T01:59:24+00:00,,yearly,active,20
81,738,basic,2025-02-22T23:25:28+00:00,,yearly,active,20
82,859,basic,2025-02-23T01:26:19+00:00,2025-03-06T10:58:39+00:00,monthly,cancelled,20
83,518,basic,2025-02-24T21:59:58+00:00,2025-08-22T04:35:52+00:00,monthly,cancelled,20
84,652,basic,2025-02-25T20:03:03+00:00,2025-04-05T01:57:48+00:00,monthly,cancelled,20
85,930,basic,2025-02-26T01:49:12+00:00,2025-04-24T08:20:54+00:00,monthly,cancelled,20
86,721,basic,2025-02-26T09:05:36+00:00,,monthly,active,20
87,198,basic,2025-02-26T13:41:56+00:00,2025-10-16T01:50:23+00:00,monthly,cancelled,20
88,420,basic,2025-02-27T03:42:14+00:00,,monthly,active,20
89,436,pro,2025-02-27T05:39:42+00:00,,yearly,active,50
90,874,basic,2025-02-27T19:19:21+00:00,,monthly,active,20
91,277,basic,2025-03-01T12:09:03+00:00,,yearly,active,20
92,769,basic,2025-03-01T12:37:57+00:00,,yearly,active,20
93,91,pro,2025-03-01T21:00:30+00:00,,monthly,active,50
94,773,basic,2025-03-02T14:41:00+00:00,,yearly,active,20
95,622,basic,2025-03-02T17:01:11+00:00,,monthly,active,20
96,229,basic,2025-03-02T17:35:00+00:00,,monthly,active,20
97,387,pro,2025-03-03T00:54:32+00:00,,monthly,active,50
98,965,basic,2025-03-03T22:29:06+00:00,2025-07-06T22:35:11+00:00,monthly,cancelled,20
99,500,basic,2025-03-04T17:04:32+00:00,,monthly,active,20
100,219,basic,2025-03-06T16:54:30+00:00,2025-05-29T01:32:59+00:00,monthly,cancelled,20
101,644,basic,2025-03-07T03:15:40+00:00,,monthly,active,20
102,155,basic,2025-03-07T05:58:58+00:00,2025-04-22T18:58:20+00:00,monthly,cancelled,20
103,946,pro,2025-03-07T09:17:34+00:00,,monthly,active,50
104,887,basic,2025-03-07T22:13:39+00:00,2025-11-16T14:48:05+00:00,monthly,cancelled,20
105,983,basic,2025-03-07T22:37:27+00:00,2025-09-26T23:40:12+00:00,monthly,cancelled,20
106,359,basic,2025-03-07T23:47:57+00:00,,yearly,active,20
107,869,basic,2025-03-08T17:17:39+00:00,,monthly,active,20
108,948,basic,2025-03-09T04:10:17+00:00,,yearly,active,20
109,540,basic,2025-03-09T07:17:30+00:00,,monthly,active,20
110,170,basic,2025-03-09T19:38:44+00:00,2025-04-01T19:45:03+00:00,monthly,cancelled,20
111,664,basic,2025-03-09T19:58:55+00:00,2025-05-04T20:30:27+00:00,monthly,cancelled,20
112,314,basic,2025-03-10T06:48:39+00:00,2025-08-21T23:25:40+00:00,monthly,cancelled,20
113,806,basic,2025-03-11T13:26:19+00:00,,monthly,active,20
114,466,basic,2025-03-12T19:17:43+00:00,2025-08-18T11:10:35+00:00,monthly,cancelled,20
115,276,pro,2025-03-14T00:33:06+00:00,2025-04-06T18:31:57+00:00,monthly,cancelled,50
116,543,basic,2025-03-14T22:48:23+00:00,,monthly,active,20
117,660,basic,2025-03-16T22:28:35+00:00,,monthly,active,20
118,934,basic,2025-03-16T23:55:33+00:00,,monthly,active,20
119,530,basic,2025-03-17T08:25:14+00:00,2025-12-09T01:29:05+00:00,monthly,cancelled,20
120,682,basic,2025-03-17T19:44:37+00:00,,yearly,active,20
121,879,basic,2025-03-18T05:29:47+00:00,2025-09-01T19:43:15+00:00,monthly,cancelled,20
122,275,pro,2025-03-18T09:56:54+00:00,2025-04-12T15:08:37+00:00,monthly,cancelled,50
123,319,basic,2025-03-20T07:02:43+00:00,,monthly,active,20
124,780,basic,2025-03-20T17:05:11+00:00,,yearly,active,20
125,24,basic,2025-03-21T17:24:11+00:00,,yearly,active,20
126,306,basic,2025-03-22T09:31:50+00:00,,monthly,active,20
127,634,pro,2025-03-23T07:24:49+00:00,,yearly,active,50
128,624,basic,2025-03-23T14:46:00+00:00,,monthly,active,20
129,553,basic,2025-03-24T10:50:31+00:00,,yearly,active,20
130,567,basic,2025-03-24T14:56:05+00:00,,yearly,active,20
131,431,basic,2025-03-24T21:52:18+00:00,,monthly,active,20
132,140,pro,2025-03-25T02:08:39+00:00,,monthly,active,50
133,838,pro,2025-03-25T09:29:10+00:00,,monthly,active,50
134,531,basic,2025-03-25T18:08:03+00:00,,monthly,active,20
135,236,pro,2025-03-25T19:38:30+00:00,,monthly,active,50
136,305,pro,2025-03-25T20:39:53+00:00,2025-10-16T10:38:30+00:00,monthly,cancelled,50
137,120,pro,2025-03-26T17:48:58+00:00,2025-12-05T23:23:48+00:00,monthly,cancelled,50
138,557,basic,2025-03-27T08:30:53+00:00,,monthly,active,20
139,990,basic,2025-03-27T14:11:19+00:00,,monthly,active,20
140,264,basic,2025-03-27T22:35:55+00:00,2025-04-03T09:55:35+00:00,monthly,cancelled,20
141,977,basic,2025-03-27T22:50:06+00:00,,monthly,active,20
142,107,basic,2025-03-29T01:51:54+00:00,,monthly,active,20
143,507,basic,2025-03-29T18:55:01+00:00,2025-07-22T06:25:03+00:00,monthly,cancelled,20
144,47,pro,2025-03-30T00:50:44+00:00,,yearly,active,50
145,354,basic,2025-03-30T23:41:23+00:00,2025-05-21T21:36:46+00:00,monthly,cancelled,20
146,334,basic,2025-03-31T02:47:43+00:00,,yearly,active,20
147,710,pro,2025-03-31T12:00:46+00:00,,monthly,active,50
148,537,basic,2025-04-01T21:13:24+00:00,,yearly,active,20
149,679,basic,2025-04-02T06:06:31+00:00,,monthly,active,20
150,651,basic,2025-04-03T21:39:21+00:00,,monthly,active,20
151,189,basic,2025-04-04T03:54:48+00:00,2025-08-11T17:07:59+00:00,monthly,cancelled,20
152,623,pro,2025-04-04T09:17:08+00:00,2025-05-15T20:50:02+00:00,monthly,cancelled,50
153,11,pro,2025-04-04T10:13:12+00:00,2025-04-21T00:50:36+00:00,monthly,cancelled,50
154,637,basic,2025-04-04T16:42:13+00:00,,yearly,active,20
155,873,basic,2025-04-05T01:42:36+00:00,,monthly,active,20
156,933,basic,2025-04-05T06:21:59+00:00,,monthly,active,20
157,759,basic,2025-04-05T23:54:05+00:00,2025-10-15T16:30:11+00:00,monthly,cancelled,20
158,474,basic,2025-04-06T03:13:32+00:00,2025-04-08T14:35:35+00:00,monthly,cancelled,20
159,680,basic,2025-04-07T03:02:36+00:00,,monthly,active,20
160,176,basic,2025-04-07T11:45:26+00:00,2025-04-12T19:58:50+00:00,monthly,cancelled,20
161,423,pro,2025-04-07T18:10:41+00:00,,monthly,active,50
162,683,basic,2025-04-09T01:23:14+00:00,,monthly,active,20
163,245,basic,2025-04-09T19:12:12+00:00,2025-07-06T14:03:36+00:00,monthly,cancelled,20
164,627,basic,2025-04-10T15:23:29+00:00,,monthly,active,20
165,511,pro,2025-04-11T13:22:33+00:00,,monthly,active,50
166,592,basic,2025-04-11T15:29:55+00:00,,monthly,active,20
167,312,basic,2025-04-12T07:56:13+00:00,,monthly,active,20
168,705,basic,2025-04-12T13:48:40+00:00,,monthly,active,20
169,57,pro,2025-04-13T04:39:38+00:00,,yearly,active,50
170,59,basic,2025-04-13T10:44:15+00:00,,monthly,active,20
171,204,basic,2025-04-13T11:39:01+00:00,2025-05-04T17:39:37+00:00,monthly,cancelled,20
172,492,basic,2025-04-13T12:37:12+00:00,,monthly,active,20
173,149,basic,2025-04-13T16:37:19+00:00,,monthly,active,20
174,635,pro,2025-04-15T07:47:02+00:00,,yearly,active,50
175,764,basic,2025-04-16T00:21:13+00:00,2025-12-02T21:10:34+00:00,monthly,cancelled,20
176,528,basic,2025-04-16T18:55:17+00:00,,monthly,active,20
177,415,basic,2025-04-16T19:00:32+00:00,2025-08-03T01:10:37+00:00,monthly,cancelled,20
178,232,basic,2025-04-17T17:13:41+00:00,,monthly,active,20
179,895,basic,2025-04-17T23:40:31+00:00,,monthly,active,20
180,282,basic,2025-04-18T01:22:52+00:00,,yearly,active,20
181,356,pro,2025-04-18T04:07:02+00:00,,monthly,active,50
182,593,basic,2025-04-18T08:35:28+00:00,2025-06-26T06:24:19+00:00,monthly,cancelled,20
183,52,basic,2025-04-19T03:50:18+00:00,,monthly,active,20
184,813,pro,2025-04-20T07:14:43+00:00,2025-08-25T03:26:21+00:00,monthly,cancelled,50
185,258,basic,2025-04-20T10:32:56+00:00,2025-05-21T02:20:18+00:00,monthly,cancelled,20
186,433,basic,2025-04-20T15:55:30+00:00,,yearly,active,20
187,734,basic,2025-04-21T12:03:19+00:00,,yearly,active,20
188,146,basic,2025-04-22T00:40:46+00:00,,yearly,active,20
189,169,basic,2025-04-22T03:42:33+00:00,,monthly,active,20
190,14,basic,2025-04-22T09:19:15+00:00,,yearly,active,20
191,628,basic,2025-04-23T01:21:05+00:00,,monthly,active,20
192,86,basic,2025-04-23T02:18:01+00:00,,monthly,active,20
193,114,basic,2025-04-23T07:43:34+00:00,,yearly,active,20
194,206,basic,2025-04-24T04:30:58+00:00,2025-10-01T09:41:52+00:00,monthly,cancelled,20
195,344,basic,2025-04-24T18:02:44+00:00,,monthly,active,20
196,402,basic,2025-04-25T15:14:04+00:00,,monthly,active,20
197,71,basic,2025-04-27T01:32:50+00:00,,yearly,active,20
198,534,basic,2025-04-28T21:49:11+00:00,,monthly,active,20
199,498,pro,2025-04-30T12:36:00+00:00,,monthly,active,50
200,406,basic,2025-04-30T14:56:02+00:00,,monthly,active,20
201,898,basic,2025-05-01T03:01:29+00:00,,monthly,active,20
202,785,basic,2025-05-01T11:43:22+00:00,,monthly,active,20
203,460,pro,2025-05-01T18:33:07+00:00,2025-05-06T22:03:45+00:00,monthly,cancelled,50
204,668,basic,2025-05-01T20:32:24+00:00,2025-09-19T14:04:50+00:00,monthly,cancelled,20
205,337,basic,2025-05-02T05:50:16+00:00,,yearly,active,20
206,143,basic,2025-05-02T17:12:46+00:00,,monthly,active,20
207,3,pro,2025-05-03T01:18:01+00:00,2025-05-08T10:56:08+00:00,monthly,cancelled,50
208,881,basic,2025-05-03T09:20:23+00:00,,yearly,active,20
209,342,pro,2025-05-04T17:00:41+00:00,,monthly,active,50
210,586,basic,2025-05-05T02:41:59+00:00,,monthly,active,20
211,167,basic,2025-05-05T06:44:43+00:00,,monthly,active,20
212,159,basic,2025-05-06T03:23:45+00:00,,monthly,active,20
213,426,basic,2025-05-06T04:40:32+00:00,2025-10-19T21:28:14+00:00,monthly,cancelled,20
214,621,basic,2025-05-07T10:01:09+00:00,2025-08-22T10:10:13+00:00,monthly,cancelled,20
215,636,basic,2025-05-07T14:47:49+00:00,2025-12-01T02:28:23+00:00,monthly,cancelled,20
216,517,basic,2025-05-07T18:17:11+00:00,2025-05-23T00:47:57+00:00,monthly,cancelled,20
217,462,pro,2025-05-07T22:51:20+00:00,,monthly,active,50
218,417,pro,2025-05-08T02:32:41+00:00,,monthly,active,50
219,709,basic,2025-05-09T11:28:28+00:00,2025-07-28T00:40:01+00:00,monthly,cancelled,20
220,79,basic,2025-05-09T11:52:29+00:00,,monthly,active,20
221,491,pro,2025-05-09T12:22:42+00:00,,monthly,active,50
222,620,basic,2025-05-09T22:39:31+00:00,,monthly,active,20
223,940,pro,2025-05-10T01:43:54+00:00,,monthly,active,50
224,348,basic,2025-05-10T14:24:25+00:00,2025-11-25T15:03:00+00:00,monthly,cancelled,20
225,877,basic,2025-05-10T19:42:44+00:00,,monthly,active,20
226,4,basic,2025-05-11T08:06:04+00:00,,monthly,active,20
227,192,pro,2025-05-11T11:57:28+00:00,,monthly,active,50
228,290,basic,2025-05-11T17:03:00+00:00,2025-05-25T14:59:33+00:00,monthly,cancelled,20
229,17,pro,2025-05-12T00:27:05+00:00,,monthly,active,50
230,414,basic,2025-05-12T11:31:50+00:00,,monthly,active,20
231,82,basic,2025-05-12T15:38:28+00:00,2025-09-17T18:19:20+00:00,monthly,cancelled,20
232,467,pro,2025-05-13T06:26:35+00:00,,monthly,active,50
233,259,basic,2025-05-13T13:38:58+00:00,,monthly,active,20
234,455,basic,2025-05-14T04:16:30+00:00,,monthly,active,20
235,801,basic,2025-05-14T04:41:59+00:00,,yearly,active,20
236,795,basic,2025-05-14T09:58:38+00:00,2025-07-13T14:17:00+00:00,monthly,cancelled,20
237,463,basic,2025-05-14T11:06:09+00:00,,yearly,active,20
238,610,basic,2025-05-14T12:15:10+00:00,2025-06-04T00:59:27+00:00,monthly,cancelled,20
239,67,basic,2025-05-14T19:41:05+00:00,,monthly,active,20
240,745,basic,2025-05-14T22:08:48+00:00,,monthly,active,20
241,238,basic,2025-05-15T03:06:48+00:00,,monthly,active,20
242,966,basic,2025-05-15T09:43:41+00:00,2025-11-13T09:26:01+00:00,monthly,cancelled,20
243,396,basic,2025-05-17T00:42:15+00:00,,monthly,active,20
244,437,basic,2025-05-17T08:10:46+00:00,2025-08-08T14:33:22+00:00,monthly,cancelled,20
245,80,basic,2025-05-17T12:40:59+00:00,,monthly,active,20
246,905,pro,2025-05-17T17:20:49+00:00,,monthly,active,50
247,367,basic,2025-05-18T02:18:42+00:00,,yearly,active,20
248,598,basic,2025-05-18T09:58:22+00:00,,monthly,active,20
249,358,basic,2025-05-18T17:05:19+00:00,,monthly,active,20
250,720,basic,2025-05-19T07:14:16+00:00,,monthly,active,20
251,728,basic,2025-05-19T12:05:49+00:00,,monthly,active,20
252,893,basic,2025-05-19T19:22:59+00:00,2025-12-09T18:33:31+00:00,monthly,cancelled,20
253,43,basic,2025-05-20T08:20:58+00:00,,monthly,active,20
254,48,basic,2025-05-20T18:33:50+00:00,,monthly,active,20
255,575,basic,2025-05-20T20:25:17+00:00,,monthly,active,20
256,160,basic,2025-05-21T01:24:56+00:00,,monthly,active,20
257,788,basic,2025-05-21T08:56:24+00:00,,yearly,active,20
258,294,pro,2025-05-21T11:48:37+00:00,,monthly,active,50
259,163,basic,2025-05-22T03:41:53+00:00,,monthly,active,20
260,313,basic,2025-05-22T10:21:23+00:00,,monthly,active,20
261,188,basic,2025-05-22T10:27:47+00:00,,monthly,active,20
262,971,pro,2025-05-22T10:50:55+00:00,,yearly,active,50
263,284,basic,2025-05-22T23:35:55+00:00,2025-11-29T07:41:54+00:00,monthly,cancelled,20
264,105,basic,2025-05-23T20:19:12+00:00,,monthly,active,20
265,581,basic,2025-05-23T23:05:13+00:00,,monthly,active,20
266,112,basic,2025-05-24T01:37:45+00:00,2025-07-22T04:37:35+00:00,monthly,cancelled,20
267,640,pro,2025-05-24T01:47:59+00:00,,monthly,active,50
268,44,basic,2025-05-24T02:05:24+00:00,,yearly,active,20
269,211,basic,2025-05-24T18:46:36+00:00,,yearly,active,20
270,454,pro,2025-05-24T22:36:06+00:00,,monthly,active,50
271,279,basic,2025-05-25T05:18:43+00:00,2025-10-20T13:11:36+00:00,monthly,cancelled,20
272,70,basic,2025-05-25T16:55:23+00:00,2025-08-26T19:45:53+00:00,monthly,cancelled,20
273,156,basic,2025-05-26T12:01:14+00:00,,yearly,active,20
274,689,pro,2025-05-26T22:03:52+00:00,,yearly,active,50
275,772,basic,2025-05-26T22:39:17+00:00,,monthly,active,20
276,633,basic,2025-05-27T00:07:49+00:00,,monthly,active,20
277,247,pro,2025-05-27T06:45:21+00:00,,monthly,active,50
278,332,basic,2025-05-27T22:56:47+00:00,,monthly,active,20
279,46,pro,2025-05-28T08:33:29+00:00,,monthly,active,50
280,235,pro,2025-05-28T14:21:35+00:00,,monthly,active,50
281,53,basic,2025-05-28T17:56:22+00:00,,yearly,active,20
282,816,basic,2025-05-28T19:30:45+00:00,,monthly,active,20
283,882,basic,2025-05-29T12:52:04+00:00,,monthly,active,20
284,913,pro,2025-05-29T17:57:21+00:00,,monthly,active,50
285,193,basic,2025-05-31T19:17:56+00:00,2025-07-14T03:00:58+00:00,monthly,cancelled,20
286,131,basic,2025-06-02T04:08:12+00:00,,monthly,active,20
287,740,basic,2025-06-03T07:27:18+00:00,,yearly,active,20
288,186,basic,2025-06-04T05:55:02+00:00,2025-10-05T00:52:33+00:00,monthly,cancelled,20
289,126,basic,2025-06-04T15:03:55+00:00,2025-06-09T05:53:17+00:00,monthly,cancelled,20
290,362,basic,2025-06-05T05:11:14+00:00,,monthly,active,20
291,719,pro,2025-06-05T08:23:56+00:00,,monthly,active,50
292,841,basic,2025-06-05T14:53:41+00:00,,monthly,active,20
293,150,basic,2025-06-06T02:52:02+00:00,,monthly,active,20
294,618,basic,2025-06-06T04:18:07+00:00,2025-11-08T17:27:31+00:00,monthly,cancelled,20
295,545,basic,2025-06-06T18:08:36+00:00,,yearly,active,20
296,383,pro,2025-06-06T20:38:05+00:00,,yearly,active,50
297,117,basic,2025-06-06T21:56:35+00:00,,monthly,active,20
298,662,basic,2025-06-07T18:11:34+00:00,,monthly,active,20
299,393,pro,2025-06-08T18:46:54+00:00,,monthly,active,50
300,157,basic,2025-06-08T23:08:13+00:00,,monthly,active,20
301,379,basic,2025-06-09T11:08:43+00:00,2025-08-19T22:57:41+00:00,monthly,cancelled,20
302,750,pro,2025-06-09T13:20:43+00:00,,monthly,active,50
303,975,pro,2025-06-10T11:38:36+00:00,,monthly,active,50
304,382,pro,2025-06-10T15:35:06+00:00,,monthly,active,50
305,272,basic,2025-06-12T17:30:37+00:00,,yearly,active,20
306,926,basic,2025-06-14T02:31:56+00:00,2025-12-06T11:27:28+00:00,monthly,cancelled,20
307,464,basic,2025-06-14T20:37:16+00:00,2025-08-09T15:08:51+00:00,monthly,cancelled,20
308,706,basic,2025-06-14T23:20:38+00:00,,monthly,active,20
309,26,basic,2025-06-15T01:16:28+00:00,,monthly,active,20
310,340,basic,2025-06-15T20:25:27+00:00,,yearly,active,20
311,867,basic,2025-06-16T14:26:28+00:00,,monthly,active,20
312,327,basic,2025-06-17T02:06:10+00:00,,yearly,active,20
313,483,pro,2025-06-17T09:45:38+00:00,,monthly,active,50
314,512,pro,2025-06-18T00:44:53+00:00,,monthly,active,50
315,560,basic,2025-06-18T17:59:51+00:00,,monthly,active,20
316,410,basic,2025-06-18T18:11:24+00:00,,yearly,active,20
317,802,basic,2025-06-19T05:20:04+00:00,2025-08-11T06:17:04+00:00,monthly,cancelled,20
318,251,basic,2025-06-19T16:08:31+00:00,2025-08-01T11:31:44+00:00,monthly,cancelled,20
319,307,basic,2025-06-19T17:22:04+00:00,,yearly,active,20
320,595,basic,2025-06-19T19:29:40+00:00,2025-07-01T19:51:54+00:00,monthly,cancelled,20
321,564,basic,2025-06-19T20:41:34+00:00,2025-09-02T23:20:05+00:00,monthly,cancelled,20
322,812,pro,2025-06-20T18:39:14+00:00,,monthly,active,50
323,945,basic,2025-06-21T06:20:12+00:00,,monthly,active,20
324,889,basic,2025-06-21T16:05:30+00:00,2025-08-07T18:55:53+00:00,monthly,cancelled,20
325,378,basic,2025-06-23T23:41:27+00:00,,monthly,active,20
326,743,basic,2025-06-24T01:35:25+00:00,,monthly,active,20
327,688,basic,2025-06-24T13:52:23+00:00,,monthly,active,20
328,495,pro,2025-06-24T17:58:37+00:00,,monthly,active,50
329,386,pro,2025-06-24T20:04:46+00:00,,monthly,active,50
330,916,basic,2025-06-24T21:20:35+00:00,,monthly,active,20
331,250,basic,2025-06-25T14:29:42+00:00,,yearly,active,20
332,674,pro,2025-06-25T17:09:39+00:00,2025-12-02T20:34:52+00:00,monthly,cancelled,50
333,739,basic,2025-06-25T19:36:32+00:00,,yearly,active,20
334,979,pro,2025-06-26T09:34:29+00:00,2025-08-28T09:17:19+00:00,monthly,cancelled,50
335,902,basic,2025-06-26T20:13:00+00:00,2025-11-12T22:37:27+00:00,monthly,cancelled,20
336,522,basic,2025-06-27T07:53:39+00:00,2025-08-08T12:50:08+00:00,monthly,cancelled,20
337,612,basic,2025-06-27T12:14:16+00:00,,yearly,active,20
338,69,basic,2025-06-27T13:47:31+00:00,,monthly,active,20
339,345,basic,2025-06-28T02:22:59+00:00,,yearly,active,20
340,220,basic,2025-06-28T15:55:10+00:00,,yearly,active,20
341,74,pro,2025-06-28T16:56:36+00:00,,monthly,active,50
342,848,basic,2025-06-29T14:05:16+00:00,,monthly,active,20
343,808,basic,2025-06-29T20:59:47+00:00,,monthly,active,20
344,23,basic,2025-06-29T21:16:05+00:00,,monthly,active,20
345,931,basic,2025-06-30T02:28:32+00:00,2025-09-19T12:52:53+00:00,monthly,cancelled,20
346,751,basic,2025-06-30T18:05:07+00:00,,yearly,active,20
347,180,basic,2025-07-01T21:05:58+00:00,,monthly,active,20
348,888,pro,2025-07-02T03:36:46+00:00,,yearly,active,50
349,718,basic,2025-07-02T14:22:09+00:00,,monthly,active,20
350,487,basic,2025-07-02T19:32:33+00:00,,monthly,active,20
351,60,basic,2025-07-02T23:30:58+00:00,,monthly,active,20
352,692,basic,2025-07-03T06:33:06+00:00,,monthly,active,20
353,650,basic,2025-07-03T07:10:31+00:00,,monthly,active,20
354,481,pro,2025-07-03T19:02:46+00:00,,monthly,active,50
355,868,basic,2025-07-03T19:38:00+00:00,2025-11-28T08:56:18+00:00,monthly,cancelled,20
356,173,basic,2025-07-04T09:07:50+00:00,,monthly,active,20
357,562,basic,2025-07-04T11:55:43+00:00,,monthly,active,20
358,248,basic,2025-07-04T13:02:59+00:00,,yearly,active,20
359,760,basic,2025-07-04T23:03:15+00:00,,monthly,active,20
360,976,basic,2025-07-05T16:06:25+00:00,,monthly,active,20
361,385,pro,2025-07-05T17:12:16+00:00,,yearly,active,50
362,50,basic,2025-07-05T18:37:37+00:00,2025-08-27T23:10:00+00:00,monthly,cancelled,20
363,191,basic,2025-07-05T21:41:10+00:00,2025-11-04T23:53:41+00:00,monthly,cancelled,20
364,579,basic,2025-07-06T00:08:46+00:00,,monthly,active,20
365,858,pro,2025-07-06T04:11:49+00:00,2025-08-13T20:38:49+00:00,monthly,cancelled,50
366,350,basic,2025-07-06T17:14:08+00:00,,monthly,active,20
367,797,basic,2025-07-07T20:08:37+00:00,,monthly,active,20
368,790,pro,2025-07-08T04:21:57+00:00,,monthly,active,50
369,758,basic,2025-07-08T06:43:23+00:00,,monthly,active,20
370,339,basic,2025-07-08T08:26:24+00:00,,yearly,active,20
371,671,basic,2025-07-08T10:46:04+00:00,,monthly,active,20
372,927,basic,2025-07-08T11:28:53+00:00,,yearly,active,20
373,473,pro,2025-07-08T14:50:44+00:00,,monthly,active,50
374,35,basic,2025-07-08T15:19:05+00:00,,monthly,active,20
375,497,basic,2025-07-08T19:12:29+00:00,,monthly,active,20
376,499,basic,2025-07-09T05:26:32+00:00,,yearly,active,20
377,418,basic,2025-07-09T06:09:11+00:00,,monthly,active,20
378,561,basic,2025-07-09T11:01:26+00:00,,monthly,active,20
379,403,basic,2025-07-09T11:14:02+00:00,,monthly,active,20
380,185,basic,2025-07-10T08:29:03+00:00,,yearly,active,20
381,195,basic,2025-07-11T05:07:25+00:00,,monthly,active,20
382,109,basic,2025-07-11T21:08:46+00:00,,monthly,active,20
383,753,basic,2025-07-12T06:20:22+00:00,,monthly,active,20
384,475,basic,2025-07-13T10:51:35+00:00,,monthly,active,20
385,96,basic,2025-07-13T11:29:16+00:00,,monthly,active,20
386,453,pro,2025-07-13T11:37:51+00:00,,yearly,active,50
387,289,basic,2025-07-13T13:50:43+00:00,,monthly,active,20
388,514,basic,2025-07-13T21:47:52+00:00,,monthly,active,20
389,834,basic,2025-07-13T23:02:35+00:00,,yearly,active,20
390,839,basic,2025-07-14T09:39:58+00:00,,monthly,active,20
391,421,pro,2025-07-14T10:46:07+00:00,2025-07-30T20:37:12+00:00,monthly,cancelled,50
392,9,pro,2025-07-14T20:10:38+00:00,,monthly,active,50
393,141,basic,2025-07-14T20:27:25+00:00,,monthly,active,20
394,153,pro,2025-07-14T21:08:21+00:00,,monthly,active,50
395,297,pro,2025-07-15T05:43:04+00:00,,monthly,active,50
396,832,basic,2025-07-15T14:52:56+00:00,,monthly,active,20
397,998,basic,2025-07-15T17:18:24+00:00,,monthly,active,20
398,508,basic,2025-07-16T03:16:04+00:00,2025-11-25T15:49:39+00:00,monthly,cancelled,20
399,988,basic,2025-07-16T03:37:38+00:00,,monthly,active,20
400,207,basic,2025-07-16T03:56:26+00:00,2025-08-03T11:26:35+00:00,monthly,cancelled,20
401,896,basic,2025-07-16T05:56:39+00:00,,monthly,active,20
402,178,basic,2025-07-16T06:44:59+00:00,,monthly,active,20
403,179,pro,2025-07-16T10:15:00+00:00,,yearly,active,50
404,401,pro,2025-07-16T11:02:14+00:00,,yearly,active,50
405,254,basic,2025-07-16T16:49:58+00:00,,yearly,active,20
406,493,basic,2025-07-17T00:47:45+00:00,2025-08-03T00:11:17+00:00,monthly,cancelled,20
407,749,pro,2025-07-17T07:15:04+00:00,,monthly,active,50
408,213,basic,2025-07-17T16:44:44+00:00,,yearly,active,20
409,614,basic,2025-07-17T19:51:44+00:00,,yearly,active,20
410,654,basic,2025-07-18T03:08:31+00:00,,monthly,active,20
411,548,basic,2025-07-18T13:54:24+00:00,,monthly,active,20
412,955,basic,2025-07-18T14:03:08+00:00,,monthly,active,20
413,767,pro,2025-07-18T15:39:46+00:00,,monthly,active,50
414,241,basic,2025-07-18T16:23:44+00:00,2025-09-30T02:18:47+00:00,monthly,cancelled,20
415,880,basic,2025-07-19T11:59:02+00:00,,monthly,active,20
416,375,basic,2025-07-19T18:23:51+00:00,2025-08-02T06:15:11+00:00,monthly,cancelled,20
417,214,basic,2025-07-20T03:27:42+00:00,,monthly,active,20
418,649,basic,2025-07-20T04:23:49+00:00,2025-09-07T18:08:41+00:00,monthly,cancelled,20
419,94,basic,2025-07-20T09:45:45+00:00,,monthly,active,20
420,892,basic,2025-07-20T10:16:33+00:00,,monthly,active,20
421,670,basic,2025-07-20T11:49:39+00:00,,monthly,active,20
422,439,basic,2025-07-20T18:04:14+00:00,,monthly,active,20
423,388,basic,2025-07-21T00:52:37+00:00,,monthly,active,20
424,589,basic,2025-07-21T04:08:33+00:00,,monthly,active,20
425,209,basic,2025-07-21T10:00:45+00:00,,yearly,active,20
426,656,basic,2025-07-21T11:51:57+00:00,2025-12-04T19:33:24+00:00,monthly,cancelled,20
427,994,pro,2025-07-21T21:03:05+00:00,,monthly,active,50
428,400,basic,2025-07-22T04:47:46+00:00,,yearly,active,20
429,822,basic,2025-07-22T06:48:13+00:00,,monthly,active,20
430,317,basic,2025-07-22T11:28:15+00:00,,yearly,active,20
431,699,basic,2025-07-22T14:44:42+00:00,,yearly,active,20
432,510,basic,2025-07-22T22:14:51+00:00,,monthly,active,20
433,959,basic,2025-07-23T19:57:37+00:00,,monthly,active,20
434,263,pro,2025-07-23T23:32:19+00:00,,monthly,active,50
435,360,basic,2025-07-24T11:13:26+00:00,,monthly,active,20
436,616,basic,2025-07-24T17:51:17+00:00,2025-08-06T07:40:32+00:00,monthly,cancelled,20
437,51,basic,2025-07-25T03:59:06+00:00,2025-09-11T07:39:01+00:00,monthly,cancelled,20
438,997,basic,2025-07-25T04:42:09+00:00,,monthly,active,20
439,145,basic,2025-07-25T16:12:01+00:00,,monthly,active,20
440,811,basic,2025-07-25T19:39:17+00:00,,monthly,active,20
441,471,basic,2025-07-25T22:25:47+00:00,,monthly,active,20
442,984,basic,2025-07-26T13:36:50+00:00,2025-10-14T10:43:01+00:00,monthly,cancelled,20
443,108,basic,2025-07-26T19:25:42+00:00,2025-08-03T02:15:53+00:00,monthly,cancelled,20
444,76,basic,2025-07-27T06:53:03+00:00,2025-09-25T20:27:55+00:00,monthly,cancelled,20
445,384,basic,2025-07-27T08:54:52+00:00,,monthly,active,20
446,503,basic,2025-07-27T18:16:44+00:00,,monthly,active,20
447,365,basic,2025-07-28T01:54:48+00:00,,monthly,active,20
448,731,basic,2025-07-28T03:55:49+00:00,,yearly,active,20
449,397,basic,2025-07-28T19:43:10+00:00,,monthly,active,20
450,190,basic,2025-07-29T01:00:54+00:00,,monthly,active,20
451,862,basic,2025-07-29T04:12:00+00:00,,monthly,active,20
452,85,basic,2025-07-29T08:47:53+00:00,,yearly,active,20
453,779,basic,2025-07-29T10:31:55+00:00,,monthly,active,20
454,587,pro,2025-07-29T12:19:14+00:00,,monthly,active,50
455,847,basic,2025-07-29T22:57:12+00:00,,monthly,active,20
456,572,basic,2025-07-30T02:05:10+00:00,,monthly,active,20
457,686,basic,2025-07-30T02:29:51+00:00,,monthly,active,20
458,78,pro,2025-07-30T11:45:12+00:00,,yearly,active,50
459,836,pro,2025-07-31T01:12:18+00:00,,monthly,active,50
460,432,pro,2025-07-31T02:13:28+00:00,,yearly,active,50
461,991,basic,2025-07-31T12:04:38+00:00,,monthly,active,20
462,906,basic,2025-08-01T03:43:21+00:00,,monthly,active,20
463,302,basic,2025-08-01T10:29:45+00:00,,monthly,active,20
464,459,basic,2025-08-01T22:47:50+00:00,2025-08-19T04:21:11+00:00,monthly,cancelled,20
465,425,basic,2025-08-02T04:36:37+00:00,,monthly,active,20
466,477,pro,2025-08-02T05:24:40+00:00,,monthly,active,50
467,833,basic,2025-08-02T07:33:34+00:00,,yearly,active,20
468,915,basic,2025-08-02T16:19:36+00:00,2025-10-01T11:16:41+00:00,monthly,cancelled,20
469,533,basic,2025-08-02T16:22:25+00:00,,monthly,active,20
470,774,basic,2025-08-03T12:42:17+00:00,,monthly,active,20
471,958,basic,2025-08-03T13:25:11+00:00,,monthly,active,20
472,613,pro,2025-08-03T13:40:15+00:00,,monthly,active,50
473,30,basic,2025-08-03T21:22:51+00:00,,yearly,active,20
474,242,basic,2025-08-04T01:57:10+00:00,,monthly,active,20
475,810,basic,2025-08-04T04:11:01+00:00,,monthly,active,20
476,227,pro,2025-08-04T15:47:41+00:00,,monthly,active,50
477,172,pro,2025-08-04T16:46:39+00:00,,monthly,active,50
478,81,pro,2025-08-04T21:01:15+00:00,,monthly,active,50
479,666,pro,2025-08-05T14:18:52+00:00,,monthly,active,50
480,217,basic,2025-08-05T17:57:39+00:00,2025-11-06T23:59:37+00:00,monthly,cancelled,20
481,472,basic,2025-08-05T21:07:47+00:00,,yearly,active,20
482,805,pro,2025-08-05T23:01:48+00:00,,monthly,active,50
483,119,basic,2025-08-05T23:16:46+00:00,,monthly,active,20
484,771,basic,2025-08-06T01:18:12+00:00,,monthly,active,20
485,136,basic,2025-08-06T10:40:03+00:00,,monthly,active,20
486,83,basic,2025-08-06T15:37:35+00:00,,monthly,active,20
487,364,pro,2025-08-06T21:51:36+00:00,,monthly,active,50
488,871,basic,2025-08-07T01:11:09+00:00,2025-10-11T22:12:20+00:00,monthly,cancelled,20
489,40,basic,2025-08-07T06:08:02+00:00,,yearly,active,20
490,748,basic,2025-08-07T17:39:47+00:00,,monthly,active,20
491,900,basic,2025-08-07T19:26:26+00:00,2025-08-14T10:54:40+00:00,yearly,cancelled,20
492,267,pro,2025-08-07T19:45:18+00:00,,yearly,active,50
493,625,basic,2025-08-08T02:09:00+00:00,,monthly,active,20
494,371,basic,2025-08-08T03:18:39+00:00,,monthly,active,20
495,147,basic,2025-08-08T07:44:56+00:00,,yearly,active,20
496,223,basic,2025-08-08T17:41:24+00:00,,monthly,active,20
497,897,basic,2025-08-08T22:18:12+00:00,,monthly,active,20
498,520,pro,2025-08-08T23:15:55+00:00,,monthly,active,50
499,588,basic,2025-08-08T23:18:28+00:00,,monthly,active,20
500,285,basic,2025-08-08T23:41:35+00:00,,monthly,active,20
501,809,basic,2025-08-09T04:49:12+00:00,,monthly,active,20
502,280,basic,2025-08-09T04:53:03+00:00,,monthly,active,20
503,465,basic,2025-08-09T17:27:36+00:00,,monthly,active,20
504,394,basic,2025-08-10T04:29:32+00:00,,monthly,active,20
505,501,pro,2025-08-10T10:07:51+00:00,2025-10-23T10:17:06+00:00,monthly,cancelled,50
506,935,basic,2025-08-10T10:09:49+00:00,,monthly,active,20
507,675,basic,2025-08-10T10:26:41+00:00,,monthly,active,20
508,661,basic,2025-08-10T17:44:31+00:00,,monthly,active,20
509,18,basic,2025-08-10T21:40:38+00:00,,yearly,active,20
510,676,pro,2025-08-11T03:06:33+00:00,,monthly,active,50
511,222,basic,2025-08-11T08:03:32+00:00,,monthly,active,20
512,240,basic,2025-08-12T20:51:18+00:00,,yearly,active,20
513,33,basic,2025-08-13T16:26:34+00:00,,monthly,active,20
514,708,basic,2025-08-13T17:59:47+00:00,,yearly,active,20
515,980,basic,2025-08-13T18:26:15+00:00,,monthly,active,20
516,36,basic,2025-08-13T22:02:32+00:00,,monthly,active,20
517,197,basic,2025-08-13T22:54:30+00:00,,monthly,active,20
518,700,basic,2025-08-14T03:10:50+00:00,,yearly,active,20
519,876,pro,2025-08-14T05:10:43+00:00,,monthly,active,50
520,124,basic,2025-08-14T10:23:16+00:00,,monthly,active,20
521,826,basic,2025-08-14T12:49:02+00:00,,monthly,active,20
522,142,basic,2025-08-14T15:24:00+00:00,,monthly,active,20
523,12,basic,2025-08-14T22:35:46+00:00,2025-11-10T05:43:12+00:00,monthly,cancelled,20
524,757,basic,2025-08-15T01:59:52+00:00,,monthly,active,20
525,504,basic,2025-08-15T12:36:30+00:00,,yearly,active,20
526,807,basic,2025-08-15T23:59:52+00:00,,yearly,active,20
527,56,pro,2025-08-16T01:11:17+00:00,,monthly,active,50
528,911,basic,2025-08-16T01:41:08+00:00,,monthly,active,20
529,243,pro,2025-08-16T04:52:45+00:00,2025-12-10T07:58:01+00:00,monthly,cancelled,50
530,784,basic,2025-08-16T12:47:10+00:00,,monthly,active,20
531,642,basic,2025-08-16T20:19:12+00:00,,monthly,active,20
532,422,basic,2025-08-16T21:30:30+00:00,,monthly,active,20
533,735,basic,2025-08-17T01:20:34+00:00,,yearly,active,20
534,450,basic,2025-08-17T13:23:55+00:00,,monthly,active,20
535,578,basic,2025-08-17T14:26:10+00:00,,monthly,active,20
536,98,basic,2025-08-17T19:25:37+00:00,,monthly,active,20
537,458,basic,2025-08-18T13:16:12+00:00,,monthly,active,20
538,16,basic,2025-08-18T15:09:03+00:00,,monthly,active,20
539,446,pro,2025-08-18T16:48:07+00:00,,monthly,active,50
540,803,basic,2025-08-18T17:46:07+00:00,,monthly,active,20
541,538,basic,2025-08-19T03:20:23+00:00,,yearly,active,20
542,113,basic,2025-08-19T06:21:46+00:00,2025-11-13T12:08:09+00:00,monthly,cancelled,20
543,88,basic,2025-08-19T06:54:14+00:00,,monthly,active,20
544,648,basic,2025-08-19T22:30:44+00:00,2025-09-09T12:43:14+00:00,monthly,cancelled,20
545,923,pro,2025-08-20T03:55:50+00:00,,yearly,active,50
546,435,pro,2025-08-20T04:50:37+00:00,2025-10-25T21:50:18+00:00,monthly,cancelled,50
547,363,basic,2025-08-20T08:12:07+00:00,,monthly,active,20
548,969,pro,2025-08-20T08:58:23+00:00,,monthly,active,50
549,754,pro,2025-08-20T20:01:49+00:00,,monthly,active,50
550,490,basic,2025-08-21T00:10:05+00:00,,monthly,active,20
551,687,pro,2025-08-21T01:23:35+00:00,,yearly,active,50
552,122,basic,2025-08-21T02:14:22+00:00,2025-12-11T07:16:04+00:00,monthly,cancelled,20
553,899,basic,2025-08-21T03:47:54+00:00,2025-11-30T06:27:18+00:00,monthly,cancelled,20
554,870,basic,2025-08-21T17:52:52+00:00,,monthly,active,20
555,278,basic,2025-08-22T01:12:17+00:00,,monthly,active,20
556,489,basic,2025-08-22T01:23:15+00:00,,yearly,active,20
557,937,basic,2025-08-22T04:13:46+00:00,,yearly,active,20
558,239,pro,2025-08-22T07:00:21+00:00,,yearly,active,50
559,615,basic,2025-08-22T08:18:41+00:00,,monthly,active,20
560,918,basic,2025-08-22T10:51:58+00:00,,monthly,active,20
561,233,pro,2025-08-22T14:21:23+00:00,,monthly,active,50
562,38,pro,2025-08-22T19:09:07+00:00,,monthly,active,50
563,775,basic,2025-08-22T21:23:55+00:00,2025-12-04T03:30:05+00:00,monthly,cancelled,20
564,556,basic,2025-08-23T05:03:13+00:00,,monthly,active,20
565,737,basic,2025-08-23T07:09:03+00:00,,monthly,active,20
566,658,basic,2025-08-23T12:22:46+00:00,,yearly,active,20
567,408,pro,2025-08-23T16:40:53+00:00,,monthly,active,50
568,158,pro,2025-08-24T00:37:32+00:00,,monthly,active,50
569,669,basic,2025-08-24T05:56:01+00:00,,monthly,active,20
570,828,pro,2025-08-24T10:25:39+00:00,,monthly,active,50
571,792,basic,2025-08-24T12:33:43+00:00,,monthly,active,20
572,765,basic,2025-08-24T17:13:13+00:00,,monthly,active,20
573,890,basic,2025-08-24T22:38:59+00:00,2025-09-11T16:42:23+00:00,monthly,cancelled,20
574,603,pro,2025-08-25T04:22:18+00:00,,monthly,active,50
575,392,basic,2025-08-25T04:23:25+00:00,,monthly,active,20
576,993,basic,2025-08-25T12:20:31+00:00,,monthly,active,20
577,815,basic,2025-08-25T15:08:32+00:00,,monthly,active,20
578,398,basic,2025-08-25T16:08:28+00:00,2025-12-08T22:14:30+00:00,monthly,cancelled,20
579,296,basic,2025-08-25T23:12:18+00:00,,yearly,active,20
580,646,basic,2025-08-26T08:37:07+00:00,,yearly,active,20
581,607,pro,2025-08-26T09:38:14+00:00,,monthly,active,50
582,724,basic,2025-08-26T15:11:31+00:00,,monthly,active,20
583,629,basic,2025-08-27T04:03:17+00:00,,yearly,active,20
584,443,basic,2025-08-27T04:38:06+00:00,,monthly,active,20
585,962,pro,2025-08-27T06:45:48+00:00,,monthly,active,50
586,632,basic,2025-08-27T08:52:24+00:00,,monthly,active,20
587,762,basic,2025-08-27T09:00:21+00:00,,yearly,active,20
588,63,basic,2025-08-27T15:54:44+00:00,,monthly,active,20
589,715,basic,2025-08-27T22:52:17+00:00,,monthly,active,20
590,799,basic,2025-08-28T04:19:44+00:00,,monthly,active,20
591,104,basic,2025-08-28T08:16:41+00:00,,yearly,active,20
592,714,pro,2025-08-28T10:01:49+00:00,,monthly,active,50
593,226,pro,2025-08-28T15:28:20+00:00,,monthly,active,50
594,352,basic,2025-08-28T17:18:40+00:00,2025-09-11T00:16:06+00:00,monthly,cancelled,20
595,205,basic,2025-08-28T21:56:53+00:00,,monthly,active,20
596,789,basic,2025-08-29T00:35:17+00:00,,monthly,active,20
597,942,basic,2025-08-29T01:06:33+00:00,,monthly,active,20
598,154,pro,2025-08-29T15:22:48+00:00,2025-09-06T20:40:14+00:00,monthly,cancelled,50
599,448,basic,2025-08-29T19:34:52+00:00,,monthly,active,20
600,552,basic,2025-08-29T20:33:34+00:00,,monthly,active,20
601,318,basic,2025-08-29T20:39:58+00:00,,yearly,active,20
602,92,basic,2025-08-30T04:41:11+00:00,2025-09-13T03:09:18+00:00,monthly,cancelled,20
603,639,basic,2025-08-30T10:10:40+00:00,,monthly,active,20
604,304,basic,2025-08-30T10:38:03+00:00,,monthly,active,20
605,366,pro,2025-08-30T17:29:41+00:00,,yearly,active,50
606,910,basic,2025-08-30T21:30:58+00:00,,monthly,active,20
607,782,pro,2025-08-30T22:01:02+00:00,,monthly,active,50
608,696,basic,2025-08-31T05:35:47+00:00,,monthly,active,20
609,928,basic,2025-08-31T09:13:33+00:00,,monthly,active,20
610,577,basic,2025-08-31T11:47:37+00:00,,yearly,active,20
611,563,pro,2025-08-31T19:12:36+00:00,2025-12-06T09:32:32+00:00,monthly,cancelled,50
612,829,basic,2025-08-31T23:36:38+00:00,,yearly,active,20
613,602,basic,2025-09-01T00:33:52+00:00,,monthly,active,20
614,478,pro,2025-09-01T02:52:09+00:00,,monthly,active,50
615,75,basic,2025-09-01T05:12:56+00:00,,monthly,active,20
616,441,basic,2025-09-01T06:33:55+00:00,,monthly,active,20
617,814,basic,2025-09-01T11:05:44+00:00,,monthly,active,20
618,932,basic,2025-09-01T15:57:32+00:00,,yearly,active,20
619,252,basic,2025-09-01T16:47:03+00:00,,monthly,active,20
620,944,basic,2025-09-01T18:48:19+00:00,,monthly,active,20
621,218,pro,2025-09-02T00:41:59+00:00,,monthly,active,50
622,484,pro,2025-09-02T05:40:31+00:00,2025-10-13T14:39:30+00:00,monthly,cancelled,50
623,711,basic,2025-09-02T09:38:01+00:00,,yearly,active,20
624,427,basic,2025-09-02T18:09:03+00:00,,yearly,active,20
625,823,pro,2025-09-03T05:59:28+00:00,,yearly,active,50
626,372,basic,2025-09-03T06:20:31+00:00,,monthly,active,20
627,368,basic,2025-09-03T08:06:12+00:00,,monthly,active,20
628,447,basic,2025-09-03T15:42:08+00:00,,monthly,active,20
629,15,basic,2025-09-04T01:25:36+00:00,,yearly,active,20
630,843,basic,2025-09-04T05:49:37+00:00,,monthly,active,20
631,246,basic,2025-09-04T12:13:29+00:00,2025-10-11T16:03:52+00:00,yearly,cancelled,20
632,181,pro,2025-09-04T18:42:31+00:00,,monthly,active,50
633,693,basic,2025-09-04T23:14:34+00:00,,yearly,active,20
634,182,basic,2025-09-05T02:49:32+00:00,,monthly,active,20
635,106,pro,2025-09-05T16:48:15+00:00,2025-10-13T10:26:13+00:00,monthly,cancelled,50
636,269,basic,2025-09-05T22:41:11+00:00,,yearly,active,20
637,768,basic,2025-09-05T22:44:42+00:00,,monthly,active,20
638,399,basic,2025-09-06T05:36:36+00:00,,monthly,active,20
639,819,pro,2025-09-06T06:14:02+00:00,,monthly,active,50
640,118,pro,2025-09-06T09:06:30+00:00,,monthly,active,50
641,551,pro,2025-09-06T13:31:08+00:00,,monthly,active,50
642,701,pro,2025-09-06T17:25:32+00:00,,monthly,active,50
643,986,basic,2025-09-06T21:42:04+00:00,,monthly,active,20
644,6,pro,2025-09-06T23:04:35+00:00,,monthly,active,50
645,390,basic,2025-09-07T01:35:16+00:00,,monthly,active,20
646,549,basic,2025-09-07T04:51:47+00:00,,monthly,active,20
647,452,basic,2025-09-08T15:50:49+00:00,,monthly,active,20
648,783,basic,2025-09-08T16:19:21+00:00,,yearly,active,20
649,32,pro,2025-09-08T17:03:53+00:00,,monthly,active,50
650,707,pro,2025-09-08T18:34:13+00:00,2025-10-29T05:55:46+00:00,monthly,cancelled,50
651,580,pro,2025-09-08T21:16:47+00:00,,yearly,active,50
652,732,pro,2025-09-08T23:41:54+00:00,,monthly,active,50
653,920,basic,2025-09-09T00:21:24+00:00,,monthly,active,20
654,904,pro,2025-09-09T02:19:19+00:00,,yearly,active,50
655,744,basic,2025-09-09T02:25:32+00:00,2025-11-28T14:26:39+00:00,monthly,cancelled,20
656,409,pro,2025-09-09T23:16:37+00:00,,monthly,active,50
657,606,basic,2025-09-10T00:49:27+00:00,,yearly,active,20
658,727,basic,2025-09-10T01:46:51+00:00,,monthly,active,20
659,929,basic,2025-09-10T05:07:23+00:00,,monthly,active,20
660,22,basic,2025-09-10T12:30:31+00:00,,monthly,active,20
661,374,basic,2025-09-10T22:37:09+00:00,,monthly,active,20
662,860,basic,2025-09-10T23:49:28+00:00,2025-10-09T15:24:10+00:00,monthly,cancelled,20
663,515,basic,2025-09-11T02:35:59+00:00,,monthly,active,20
664,5,basic,2025-09-11T05:56:24+00:00,,monthly,active,20
665,573,basic,2025-09-11T07:20:20+00:00,2025-10-05T01:47:22+00:00,monthly,cancelled,20
666,377,basic,2025-09-11T07:50:14+00:00,2025-11-09T10:06:19+00:00,monthly,cancelled,20
667,103,basic,2025-09-11T08:40:20+00:00,,monthly,active,20
668,907,basic,2025-09-11T12:46:36+00:00,,monthly,active,20
669,886,basic,2025-09-11T16:26:33+00:00,2025-11-27T10:40:01+00:00,monthly,cancelled,20
670,985,basic,2025-09-11T17:44:15+00:00,2025-10-17T03:51:29+00:00,monthly,cancelled,20
671,925,pro,2025-09-11T22:02:17+00:00,,yearly,active,50
672,849,pro,2025-09-11T22:41:58+00:00,,yearly,active,50
673,643,basic,2025-09-12T01:55:42+00:00,,yearly,active,20
674,523,basic,2025-09-12T04:49:06+00:00,,monthly,active,20
675,148,pro,2025-09-12T09:08:06+00:00,,monthly,active,50
676,496,basic,2025-09-12T11:52:17+00:00,,yearly,active,20
677,951,pro,2025-09-12T17:20:17+00:00,,monthly,active,50
678,469,pro,2025-09-12T17:35:30+00:00,,monthly,active,50
679,224,basic,2025-09-13T07:05:29+00:00,,monthly,active,20
680,413,basic,2025-09-13T07:33:25+00:00,,monthly,active,20
681,835,basic,2025-09-13T16:48:40+00:00,2025-09-26T04:04:21+00:00,monthly,cancelled,20
682,820,basic,2025-09-14T00:59:17+00:00,,monthly,active,20
683,41,basic,2025-09-14T02:43:27+00:00,,monthly,active,20
684,49,basic,2025-09-14T03:26:09+00:00,,monthly,active,20
685,617,basic,2025-09-14T06:54:04+00:00,,monthly,active,20
686,597,basic,2025-09-14T16:40:40+00:00,,monthly,active,20
687,842,basic,2025-09-15T02:46:32+00:00,,monthly,active,20
688,283,basic,2025-09-15T03:39:55+00:00,,yearly,active,20
689,535,basic,2025-09-15T03:44:33+00:00,,monthly,active,20
690,989,basic,2025-09-15T10:35:06+00:00,2025-09-25T11:54:59+00:00,monthly,cancelled,20
691,373,basic,2025-09-15T10:39:42+00:00,,yearly,active,20
692,837,basic,2025-09-15T12:56:19+00:00,,yearly,active,20
693,381,basic,2025-09-15T14:22:49+00:00,2025-12-01T08:34:38+00:00,monthly,cancelled,20
694,604,basic,2025-09-16T17:00:44+00:00,,yearly,active,20
695,525,pro,2025-09-16T19:00:48+00:00,,yearly,active,50
696,712,basic,2025-09-17T04:56:19+00:00,,monthly,active,20
697,429,basic,2025-09-17T12:38:36+00:00,,yearly,active,20
698,532,basic,2025-09-17T13:30:34+00:00,,monthly,active,20
699,152,basic,2025-09-17T19:33:21+00:00,,yearly,active,20
700,917,basic,2025-09-18T00:13:36+00:00,,monthly,active,20
701,697,pro,2025-09-18T13:47:06+00:00,,monthly,active,50
702,266,basic,2025-09-18T20:13:12+00:00,,monthly,active,20
703,295,basic,2025-09-18T23:38:12+00:00,,yearly,active,20
704,736,pro,2025-09-19T04:20:32+00:00,,yearly,active,50
705,273,basic,2025-09-19T21:45:26+00:00,,monthly,active,20
706,857,basic,2025-09-19T21:55:09+00:00,,monthly,active,20
707,908,basic,2025-09-20T00:53:11+00:00,,monthly,active,20
708,162,pro,2025-09-20T01:38:03+00:00,,monthly,active,50
709,761,basic,2025-09-20T04:55:53+00:00,,yearly,active,20
710,863,basic,2025-09-20T08:00:29+00:00,,monthly,active,20
711,539,pro,2025-09-20T08:11:35+00:00,,monthly,active,50
712,690,basic,2025-09-20T08:33:02+00:00,,monthly,active,20
713,961,basic,2025-09-20T11:19:21+00:00,,monthly,active,20
714,571,basic,2025-09-20T18:25:54+00:00,,yearly,active,20
715,168,basic,2025-09-21T00:19:26+00:00,,monthly,active,20
716,412,basic,2025-09-21T02:33:16+00:00,,monthly,active,20
717,569,basic,2025-09-21T04:55:10+00:00,,yearly,active,20
718,681,basic,2025-09-21T12:42:31+00:00,,monthly,active,20
719,619,basic,2025-09-21T14:39:28+00:00,2025-11-06T19:51:36+00:00,monthly,cancelled,20
720,55,pro,2025-09-21T15:36:38+00:00,,monthly,active,50
721,921,basic,2025-09-21T17:53:10+00:00,,monthly,active,20
722,249,pro,2025-09-21T21:37:07+00:00,,yearly,active,50
723,960,basic,2025-09-21T22:44:28+00:00,,monthly,active,20
724,677,basic,2025-09-22T02:02:53+00:00,,monthly,active,20
725,102,pro,2025-09-22T03:30:04+00:00,2025-10-21T17:59:04+00:00,monthly,cancelled,50
726,64,basic,2025-09-22T03:55:14+00:00,,monthly,active,20
727,546,basic,2025-09-22T07:52:06+00:00,,monthly,active,20
728,58,basic,2025-09-22T22:25:02+00:00,,monthly,active,20
729,763,basic,2025-09-23T03:19:28+00:00,,monthly,active,20
730,850,basic,2025-09-23T05:45:46+00:00,,monthly,active,20
731,488,pro,2025-09-23T07:39:10+00:00,,yearly,active,50
732,281,basic,2025-09-23T09:13:48+00:00,,monthly,active,20
733,611,basic,2025-09-23T23:41:24+00:00,,monthly,active,20
734,691,basic,2025-09-24T02:53:19+00:00,,yearly,active,20
735,456,basic,2025-09-25T07:58:54+00:00,,monthly,active,20
736,630,basic,2025-09-25T12:04:34+00:00,,monthly,active,20
737,506,basic,2025-09-25T14:43:29+00:00,2025-11-27T04:23:00+00:00,monthly,cancelled,20
738,741,basic,2025-09-26T12:09:08+00:00,,monthly,active,20
739,854,basic,2025-09-26T16:39:10+00:00,,yearly,active,20
740,468,pro,2025-09-26T17:30:11+00:00,,monthly,active,50
741,891,basic,2025-09-26T22:18:27+00:00,,monthly,active,20
742,234,basic,2025-09-27T01:52:14+00:00,,monthly,active,20
743,62,pro,2025-09-27T09:19:17+00:00,2025-10-16T17:29:15+00:00,monthly,cancelled,50
744,424,basic,2025-09-27T13:01:15+00:00,,yearly,active,20
745,730,pro,2025-09-27T13:26:59+00:00,,monthly,active,50
746,756,basic,2025-09-27T14:39:09+00:00,,monthly,active,20
747,349,basic,2025-09-27T21:01:30+00:00,,monthly,active,20
748,526,basic,2025-09-28T17:02:54+00:00,,monthly,active,20
749,1,basic,2025-09-28T18:41:48+00:00,,monthly,active,20
750,919,basic,2025-09-29T11:04:09+00:00,,monthly,active,20
751,326,basic,2025-09-29T20:12:20+00:00,,monthly,active,20
752,361,pro,2025-09-29T20:54:32+00:00,,monthly,active,50
753,605,pro,2025-09-30T15:48:30+00:00,,yearly,active,50
754,293,basic,2025-09-30T20:45:45+00:00,2025-12-07T15:53:56+00:00,monthly,cancelled,20
755,956,basic,2025-10-01T15:57:43+00:00,,yearly,active,20
756,449,basic,2025-10-01T21:41:27+00:00,,monthly,active,20
757,872,basic,2025-10-02T20:22:02+00:00,,monthly,active,20
758,480,basic,2025-10-03T08:14:23+00:00,,monthly,active,20
759,884,basic,2025-10-03T09:30:08+00:00,,yearly,active,20
760,457,basic,2025-10-03T09:38:56+00:00,,monthly,active,20
761,973,basic,2025-10-03T15:07:22+00:00,,monthly,active,20
762,583,basic,2025-10-03T15:35:03+00:00,,monthly,active,20
763,21,basic,2025-10-03T15:54:07+00:00,,monthly,active,20
764,524,basic,2025-10-04T02:43:42+00:00,2025-10-14T09:19:57+00:00,monthly,cancelled,20
765,174,basic,2025-10-04T15:12:38+00:00,,monthly,active,20
766,65,pro,2025-10-05T09:47:28+00:00,2025-10-23T02:04:14+00:00,monthly,cancelled,50
767,894,basic,2025-10-05T19:36:31+00:00,,monthly,active,20
768,594,basic,2025-10-05T22:34:11+00:00,,monthly,active,20
769,565,basic,2025-10-06T09:22:20+00:00,,monthly,active,20
770,419,basic,2025-10-06T11:38:45+00:00,,monthly,active,20
771,516,basic,2025-10-06T15:20:22+00:00,,monthly,active,20
772,139,basic,2025-10-06T15:50:48+00:00,,monthly,active,20
773,121,pro,2025-10-06T21:57:21+00:00,,monthly,active,50
774,175,basic,2025-10-07T08:53:33+00:00,,monthly,active,20
775,781,basic,2025-10-07T16:29:35+00:00,2025-11-10T19:56:08+00:00,monthly,cancelled,20
776,309,basic,2025-10-08T05:33:04+00:00,,monthly,active,20
777,866,basic,2025-10-08T06:37:42+00:00,,monthly,active,20
778,655,pro,2025-10-08T10:35:50+00:00,,monthly,active,50
779,212,pro,2025-10-08T21:55:21+00:00,,monthly,active,50
780,123,basic,2025-10-08T23:55:19+00:00,,monthly,active,20
781,513,basic,2025-10-09T07:18:05+00:00,,yearly,active,20
782,667,basic,2025-10-09T17:23:29+00:00,,monthly,active,20
783,554,basic,2025-10-10T08:35:54+00:00,,monthly,active,20
784,954,basic,2025-10-10T19:57:21+00:00,,yearly,active,20
785,341,basic,2025-10-11T00:24:43+00:00,,monthly,active,20
786,559,basic,2025-10-11T08:23:23+00:00,,yearly,active,20
787,796,basic,2025-10-11T14:34:08+00:00,,monthly,active,20
788,271,pro,2025-10-11T22:07:48+00:00,,monthly,active,50
789,265,basic,2025-10-11T22:47:59+00:00,,monthly,active,20
790,786,pro,2025-10-12T20:19:15+00:00,,monthly,active,50
791,440,basic,2025-10-13T12:08:06+00:00,,monthly,active,20
792,130,basic,2025-10-13T16:19:26+00:00,,monthly,active,20
793,331,basic,2025-10-14T03:13:34+00:00,,yearly,active,20
794,536,pro,2025-10-15T10:44:00+00:00,,monthly,active,50
795,914,pro,2025-10-15T13:59:47+00:00,,monthly,active,50
796,19,basic,2025-10-16T06:06:01+00:00,,monthly,active,20
797,626,basic,2025-10-16T06:21:26+00:00,,monthly,active,20
798,747,pro,2025-10-16T12:41:36+00:00,,monthly,active,50
799,315,pro,2025-10-17T15:35:52+00:00,,monthly,active,50
800,338,basic,2025-10-18T02:36:52+00:00,,monthly,active,20
801,665,basic,2025-10-18T05:04:33+00:00,,yearly,active,20
802,31,pro,2025-10-18T13:48:37+00:00,,monthly,active,50
803,37,basic,2025-10-19T16:51:36+00:00,,yearly,active,20
804,922,pro,2025-10-19T19:24:11+00:00,,monthly,active,50
805,93,basic,2025-10-20T00:14:16+00:00,,monthly,active,20
806,941,basic,2025-10-20T02:21:29+00:00,,monthly,active,20
807,703,basic,2025-10-20T14:59:22+00:00,,monthly,active,20
808,430,basic,2025-10-21T00:56:46+00:00,,monthly,active,20
809,329,basic,2025-10-21T02:13:42+00:00,,monthly,active,20
810,570,basic,2025-10-21T10:26:40+00:00,,monthly,active,20
811,817,basic,2025-10-21T11:11:54+00:00,,monthly,active,20
812,411,pro,2025-10-21T12:23:37+00:00,2025-11-10T06:46:48+00:00,monthly,cancelled,50
813,695,basic,2025-10-22T07:36:40+00:00,,monthly,active,20
814,438,pro,2025-10-22T10:59:29+00:00,,monthly,active,50
815,203,basic,2025-10-22T14:11:39+00:00,,monthly,active,20
816,566,basic,2025-10-22T16:31:49+00:00,,yearly,active,20
817,963,basic,2025-10-22T17:05:59+00:00,,monthly,active,20
818,800,basic,2025-10-23T16:58:08+00:00,,monthly,active,20
819,200,basic,2025-10-23T23:03:54+00:00,,monthly,active,20
820,723,basic,2025-10-24T02:46:20+00:00,,monthly,active,20
821,380,basic,2025-10-24T10:56:30+00:00,,monthly,active,20
822,138,basic,2025-10-25T05:36:48+00:00,,monthly,active,20
823,66,basic,2025-10-25T10:17:46+00:00,,monthly,active,20
824,333,pro,2025-10-25T13:41:52+00:00,,monthly,active,50
825,943,basic,2025-10-25T21:47:19+00:00,,monthly,active,20
826,29,pro,2025-10-25T22:42:06+00:00,,monthly,active,50
827,608,basic,2025-10-26T00:35:23+00:00,,monthly,active,20
828,405,basic,2025-10-26T11:24:30+00:00,,monthly,active,20
829,287,basic,2025-10-26T22:18:44+00:00,,monthly,active,20
830,292,basic,2025-10-28T14:53:14+00:00,,yearly,active,20
831,939,basic,2025-10-28T16:07:00+00:00,,yearly,active,20
832,824,basic,2025-10-28T19:31:44+00:00,,monthly,active,20
833,576,basic,2025-10-29T14:49:55+00:00,,monthly,active,20
834,303,basic,2025-10-30T04:02:09+00:00,,monthly,active,20
835,323,basic,2025-10-30T16:52:49+00:00,,monthly,active,20
836,821,pro,2025-10-31T13:14:47+00:00,,monthly,active,50
837,541,basic,2025-10-31T19:21:23+00:00,,monthly,active,20
838,164,basic,2025-11-01T01:44:07+00:00,,monthly,active,20
839,228,basic,2025-11-01T03:25:26+00:00,,monthly,active,20
840,846,basic,2025-11-01T05:29:37+00:00,,monthly,active,20
841,938,basic,2025-11-02T14:24:45+00:00,,monthly,active,20
842,451,basic,2025-11-02T22:33:27+00:00,,monthly,active,20
843,585,basic,2025-11-03T03:16:39+00:00,,yearly,active,20
844,128,basic,2025-11-03T15:56:12+00:00,,monthly,active,20
845,851,basic,2025-11-04T02:07:45+00:00,,monthly,active,20
846,885,basic,2025-11-04T22:55:17+00:00,,monthly,active,20
847,335,basic,2025-11-05T00:29:45+00:00,,monthly,active,20
848,262,basic,2025-11-05T04:26:38+00:00,,monthly,active,20
849,582,basic,2025-11-06T12:06:06+00:00,,monthly,active,20
850,301,basic,2025-11-06T18:54:16+00:00,,monthly,active,20
851,1000,basic,2025-11-07T21:56:20+00:00,,monthly,active,20
852,77,pro,2025-11-08T01:29:03+00:00,,monthly,active,50
853,968,pro,2025-11-08T04:55:57+00:00,,monthly,active,50
854,111,basic,2025-11-09T13:25:24+00:00,,monthly,active,20
855,300,basic,2025-11-09T17:16:08+00:00,,monthly,active,20
856,861,basic,2025-11-10T20:11:07+00:00,,monthly,active,20
857,336,pro,2025-11-11T01:05:04+00:00,,monthly,active,50
858,742,pro,2025-11-11T02:30:36+00:00,,yearly,active,50
859,261,basic,2025-11-11T09:28:51+00:00,,monthly,active,20
860,702,basic,2025-11-11T21:10:34+00:00,,monthly,active,20
861,144,pro,2025-11-12T00:57:20+00:00,,yearly,active,50
862,370,basic,2025-11-12T04:42:41+00:00,,monthly,active,20
863,84,pro,2025-11-12T11:10:53+00:00,,monthly,active,50
864,116,basic,2025-11-12T16:19:54+00:00,,monthly,active,20
865,324,basic,2025-11-12T16:51:32+00:00,,monthly,active,20
866,970,pro,2025-11-13T05:44:58+00:00,,monthly,active,50
867,694,pro,2025-11-13T06:12:33+00:00,,monthly,active,50
868,647,pro,2025-11-13T07:00:02+00:00,,yearly,active,50
869,286,basic,2025-11-13T07:32:50+00:00,,monthly,active,20
870,845,basic,2025-11-13T13:20:28+00:00,,monthly,active,20
871,196,basic,2025-11-13T14:17:53+00:00,,yearly,active,20
872,778,basic,2025-11-13T16:45:06+00:00,,yearly,active,20
873,855,basic,2025-11-13T17:24:02+00:00,,monthly,active,20
874,791,pro,2025-11-13T21:08:05+00:00,,monthly,active,50
875,794,pro,2025-11-14T07:36:09+00:00,,monthly,active,50
876,645,basic,2025-11-14T10:00:10+00:00,,monthly,active,20
877,165,basic,2025-11-14T14:24:07+00:00,,monthly,active,20
878,485,basic,2025-11-15T00:12:54+00:00,,monthly,active,20
879,912,pro,2025-11-16T04:40:29+00:00,,yearly,active,50
880,982,basic,2025-11-16T12:04:21+00:00,,monthly,active,20
881,974,basic,2025-11-16T14:54:10+00:00,,monthly,active,20
882,864,basic,2025-11-16T15:34:51+00:00,,monthly,active,20
883,479,basic,2025-11-16T19:27:05+00:00,,monthly,active,20
884,950,basic,2025-11-17T03:13:34+00:00,,monthly,active,20
885,346,basic,2025-11-17T03:18:50+00:00,,monthly,active,20
886,129,basic,2025-11-17T03:55:43+00:00,,yearly,active,20
887,73,basic,2025-11-17T12:08:49+00:00,,monthly,active,20
888,830,basic,2025-11-18T16:41:56+00:00,,monthly,active,20
889,766,basic,2025-11-18T16:48:16+00:00,,monthly,active,20
890,311,basic,2025-11-18T17:25:05+00:00,,monthly,active,20
891,391,basic,2025-11-18T17:30:41+00:00,,monthly,active,20
892,555,basic,2025-11-19T01:25:06+00:00,,yearly,active,20
893,202,pro,2025-11-19T15:51:36+00:00,,monthly,active,50
894,733,basic,2025-11-20T00:40:49+00:00,,monthly,active,20
895,445,basic,2025-11-20T01:56:50+00:00,,yearly,active,20
896,793,pro,2025-11-20T20:43:14+00:00,,monthly,active,50
897,476,basic,2025-11-20T22:43:45+00:00,,monthly,active,20
898,330,pro,2025-11-21T06:55:43+00:00,,monthly,active,50
899,115,pro,2025-11-21T15:58:42+00:00,,monthly,active,50
900,404,pro,2025-11-22T06:33:58+00:00,,monthly,active,50
901,591,pro,2025-11-22T11:55:58+00:00,,yearly,active,50
902,672,basic,2025-11-22T17:52:24+00:00,,monthly,active,20
903,831,basic,2025-11-23T01:33:06+00:00,,yearly,active,20
904,878,basic,2025-11-23T19:36:50+00:00,,yearly,active,20
905,237,basic,2025-11-23T21:23:45+00:00,,monthly,active,20
906,194,basic,2025-11-24T02:23:52+00:00,,monthly,active,20
907,596,basic,2025-11-24T20:56:36+00:00,,monthly,active,20
908,924,basic,2025-11-25T09:45:54+00:00,,monthly,active,20
909,39,basic,2025-11-25T14:11:10+00:00,2025-11-28T21:25:00+00:00,monthly,cancelled,20
910,316,basic,2025-11-25T20:00:07+00:00,,monthly,active,20
911,321,basic,2025-11-26T03:24:16+00:00,,yearly,active,20
912,310,pro,2025-11-26T16:10:26+00:00,,monthly,active,50
913,308,basic,2025-11-26T22:20:33+00:00,,monthly,active,20
914,100,pro,2025-11-27T11:35:41+00:00,,monthly,active,50
915,187,basic,2025-11-28T09:23:51+00:00,,monthly,active,20
916,7,basic,2025-11-29T02:21:38+00:00,,monthly,active,20
917,320,basic,2025-11-29T10:24:58+00:00,,monthly,active,20
918,844,basic,2025-11-29T22:34:08+00:00,,yearly,active,20
919,875,pro,2025-11-30T02:03:06+00:00,,monthly,active,50
920,133,basic,2025-11-30T14:09:20+00:00,,monthly,active,20
921,713,basic,2025-12-01T09:14:13+00:00,,monthly,active,20
922,357,basic,2025-12-01T18:38:25+00:00,,monthly,active,20
923,110,basic,2025-12-01T20:31:18+00:00,,monthly,active,20
924,901,pro,2025-12-02T10:22:35+00:00,,monthly,active,50
925,840,pro,2025-12-02T22:33:57+00:00,,monthly,active,50
926,600,basic,2025-12-03T14:19:23+00:00,,monthly,active,20
927,221,pro,2025-12-03T15:20:15+00:00,,monthly,active,50
928,183,pro,2025-12-03T23:46:06+00:00,,yearly,active,50
929,99,pro,2025-12-04T00:32:42+00:00,,monthly,active,50
930,949,basic,2025-12-04T00:39:35+00:00,,monthly,active,20
931,353,basic,2025-12-05T09:43:56+00:00,,monthly,active,20
932,171,pro,2025-12-05T13:53:57+00:00,,monthly,active,50
933,746,pro,2025-12-05T15:35:12+00:00,,monthly,active,50
934,952,basic,2025-12-05T22:51:18+00:00,,monthly,active,20
935,72,basic,2025-12-06T02:19:45+00:00,,yearly,active,20
936,201,basic,2025-12-06T03:26:58+00:00,,yearly,active,20
937,434,basic,2025-12-06T07:53:26+00:00,,monthly,active,20
938,804,basic,2025-12-06T10:53:56+00:00,,monthly,active,20
939,542,basic,2025-12-06T15:27:13+00:00,,yearly,active,20
940,444,pro,2025-12-06T15:57:39+00:00,,yearly,active,50
941,256,basic,2025-12-06T23:52:08+00:00,,monthly,active,20
942,995,basic,2025-12-07T04:56:37+00:00,,monthly,active,20
943,97,pro,2025-12-07T14:19:43+00:00,,monthly,active,50
944,673,basic,2025-12-07T16:43:31+00:00,,monthly,active,20
945,521,basic,2025-12-09T06:14:12+00:00,,yearly,active,20
946,61,basic,2025-12-09T11:01:21+00:00,,monthly,active,20
947,755,basic,2025-12-10T05:22:39+00:00,,monthly,active,20
948,151,basic,2025-12-10T09:29:46+00:00,,monthly,active,20
949,947,basic,2025-12-11T14:42:07+00:00,,yearly,active,20
950,825,basic,2025-12-11T14:56:15+00:00,,yearly,active,20
951,978,pro,2025-12-11T17:41:04+00:00,,monthly,active,50
952,663,basic,2025-12-12T10:46:29+00:00,,yearly,active,20
953,25,basic,2025-12-12T12:23:11+00:00,,monthly,active,20
954,653,basic,2025-12-12T20:09:44+00:00,,monthly,active,20
955,87,basic,2025-12-13T01:10:54+00:00,,monthly,active,20
956,722,basic,2025-12-13T18:58:13+00:00,,monthly,active,20
957,568,basic,2025-12-13T19:18:29+00:00,,monthly,active,20
958,631,basic,2025-12-16T05:12:57+00:00,,monthly,active,20
959,527,basic,2025-12-16T11:39:20+00:00,,yearly,active,20
960,787,pro,2025-12-17T08:51:03+00:00,,monthly,active,50
961,641,basic,2025-12-18T16:07:16+00:00,,yearly,active,20
962,798,basic,2025-12-18T21:51:12+00:00,,yearly,active,20
963,322,pro,2025-12-18T23:18:01+00:00,,monthly,active,50
964,953,pro,2025-12-19T07:10:04+00:00,,monthly,active,50
965,389,pro,2025-12-19T12:49:37+00:00,,yearly,active,50
966,999,basic,2025-12-20T18:28:12+00:00,,yearly,active,20
967,558,basic,2025-12-21T03:28:47+00:00,,yearly,active,20
968,903,pro,2025-12-21T06:44:18+00:00,,monthly,active,50
969,574,basic,2025-12-21T09:45:17+00:00,,yearly,active,20
970,347,basic,2025-12-22T09:38:05+00:00,,monthly,active,20
971,268,basic,2025-12-22T11:58:43+00:00,,monthly,active,20
972,752,basic,2025-12-22T13:27:23+00:00,,monthly,active,20
973,34,pro,2025-12-22T15:36:56+00:00,,monthly,active,50
974,770,pro,2025-12-22T16:02:16+00:00,,monthly,active,50
975,486,basic,2025-12-22T16:18:12+00:00,,yearly,active,20
976,216,basic,2025-12-22T21:41:24+00:00,,monthly,active,20
977,274,basic,2025-12-22T23:57:53+00:00,,yearly,active,20
978,260,basic,2025-12-23T07:17:25+00:00,,monthly,active,20
979,215,pro,2025-12-24T07:30:22+00:00,,yearly,active,50
980,547,basic,2025-12-24T08:51:15+00:00,,monthly,active,20
981,351,basic,2025-12-24T12:50:51+00:00,,monthly,active,20
982,987,basic,2025-12-24T22:36:53+00:00,,monthly,active,20
983,244,basic,2025-12-24T23:26:06+00:00,,monthly,active,20
984,856,basic,2025-12-25T05:58:21+00:00,,monthly,active,20
985,964,basic,2025-12-25T14:36:08+00:00,,monthly,active,20
986,698,basic,2025-12-25T20:36:22+00:00,,monthly,active,20
987,199,basic,2025-12-26T05:07:08+00:00,,monthly,active,20
988,230,basic,2025-12-27T02:50:38+00:00,,monthly,active,20
989,726,basic,2025-12-27T03:38:41+00:00,,yearly,active,20
990,725,basic,2025-12-27T22:44:36+00:00,,monthly,active,20
991,936,basic,2025-12-28T03:52:33+00:00,,monthly,active,20
992,210,pro,2025-12-28T21:33:49+00:00,,yearly,active,50
993,134,basic,2025-12-28T22:11:49+00:00,,yearly,active,20
994,54,basic,2025-12-29T13:16:24+00:00,,monthly,active,20
995,777,basic,2025-12-29T20:24:14+00:00,,monthly,active,20
996,255,basic,2025-12-30T05:44:37+00:00,,yearly,active,20
997,442,basic,2025-12-30T16:43:26+00:00,,monthly,active,20
998,355,pro,2025-12-31T00:35:55+00:00,,monthly,active,50
999,678,basic,2025-12-31T04:11:55+00:00,,monthly,active,20
1000,328,pro,2025-12-31T17:34:00+00:00,,yearly,active,50
