"customer_id","plan_type","billing_cycle","total_revenue","total_payments","successful_payments","failed_payments","started_date","ended_date","subscription_length_days","churned"
1,"basic","monthly",80.00,4,4,0,"2025-09-29 07:41:48+13",NULL,93,0
2,"basic","monthly",240.00,12,11,1,"2025-01-22 20:10:28+13",NULL,343,0
3,"pro","monthly",50.00,1,1,0,"2025-05-03 13:18:01+12","2025-05-08 22:56:08+12",5,1
4,"basic","monthly",160.00,8,7,1,"2025-05-11 20:06:04+12",NULL,234,0
5,"basic","monthly",80.00,4,4,0,"2025-09-11 17:56:24+12",NULL,111,0
6,"pro","monthly",200.00,4,3,1,"2025-09-07 11:04:35+12",NULL,115,0
7,"basic","monthly",40.00,2,2,0,"2025-11-29 15:21:38+13",NULL,32,0
8,"basic","yearly",216.00,1,1,0,"2025-02-21 04:45:01+13",NULL,313,0
9,"pro","monthly",300.00,6,6,0,"2025-07-15 08:10:38+12",NULL,169,0
10,"pro","monthly",450.00,9,9,0,"2025-01-30 02:10:03+13","2025-10-06 20:03:23+13",249,1
11,"pro","monthly",50.00,1,1,0,"2025-04-04 23:13:12+13","2025-04-21 12:50:36+12",16,1
12,"basic","monthly",60.00,3,3,0,"2025-08-15 10:35:46+12","2025-11-10 18:43:12+13",87,1
13,"basic","yearly",216.00,1,1,0,"2025-01-31 12:34:16+13",NULL,334,0
14,"basic","yearly",216.00,1,1,0,"2025-04-22 21:19:15+12",NULL,253,0
15,"basic","yearly",216.00,1,1,0,"2025-09-04 13:25:36+12",NULL,118,0
16,"basic","monthly",100.00,5,5,0,"2025-08-19 03:09:03+12",NULL,134,0
17,"pro","monthly",400.00,8,7,1,"2025-05-12 12:27:05+12",NULL,233,0
18,"basic","yearly",216.00,1,1,0,"2025-08-11 09:40:38+12",NULL,142,0
19,"basic","monthly",60.00,3,3,0,"2025-10-16 19:06:01+13",NULL,76,0
20,"pro","monthly",600.00,12,12,0,"2025-01-07 18:40:18+13",NULL,358,0
21,"basic","monthly",60.00,3,2,1,"2025-10-04 04:54:07+13",NULL,88,0
22,"basic","monthly",80.00,4,4,0,"2025-09-11 00:30:31+12",NULL,111,0
23,"basic","monthly",140.00,7,7,0,"2025-06-30 09:16:05+12",NULL,184,0
24,"basic","yearly",216.00,1,1,0,"2025-03-22 06:24:11+13",NULL,284,0
25,"basic","monthly",20.00,1,1,0,"2025-12-13 01:23:11+13",NULL,18,0
26,"basic","monthly",140.00,7,7,0,"2025-06-15 13:16:28+12",NULL,199,0
27,"pro","monthly",550.00,11,11,0,"2025-02-15 21:14:53+13",NULL,319,0
28,"basic","monthly",200.00,10,9,1,"2025-02-10 07:03:09+13","2025-11-10 12:29:19+13",273,1
29,"pro","monthly",150.00,3,3,0,"2025-10-26 11:42:06+13",NULL,66,0
30,"basic","yearly",216.00,1,0,1,"2025-08-04 09:22:51+12",NULL,149,0
31,"pro","monthly",150.00,3,3,0,"2025-10-19 02:48:37+13",NULL,73,0
32,"pro","monthly",200.00,4,4,0,"2025-09-09 05:03:53+12",NULL,113,0
33,"basic","monthly",100.00,5,4,1,"2025-08-14 04:26:34+12",NULL,139,0
34,"pro","monthly",50.00,1,1,0,"2025-12-23 04:36:56+13",NULL,8,0
35,"basic","monthly",120.00,6,6,0,"2025-07-09 03:19:05+12",NULL,175,0
36,"basic","monthly",100.00,5,5,0,"2025-08-14 10:02:32+12",NULL,139,0
37,"basic","yearly",216.00,1,1,0,"2025-10-20 05:51:36+13",NULL,72,0
38,"pro","monthly",250.00,5,5,0,"2025-08-23 07:09:07+12",NULL,130,0
39,"basic","monthly",20.00,1,1,0,"2025-11-26 03:11:10+13","2025-11-29 10:25:00+13",3,1
40,"basic","yearly",216.00,1,1,0,"2025-08-07 18:08:02+12",NULL,146,0
41,"basic","monthly",80.00,4,4,0,"2025-09-14 14:43:27+12",NULL,108,0
42,"basic","monthly",180.00,9,8,1,"2025-01-08 09:09:53+13","2025-09-24 12:49:25+12",259,1
43,"basic","monthly",160.00,8,8,0,"2025-05-20 20:20:58+12",NULL,225,0
44,"basic","yearly",216.00,1,1,0,"2025-05-24 14:05:24+12",NULL,221,0
45,"basic","monthly",220.00,11,10,1,"2025-02-19 01:35:20+13",NULL,315,0
46,"pro","monthly",400.00,8,8,0,"2025-05-28 20:33:29+12",NULL,217,0
47,"pro","yearly",540.00,1,1,0,"2025-03-30 13:50:44+13",NULL,276,0
48,"basic","monthly",160.00,8,8,0,"2025-05-21 06:33:50+12",NULL,224,0
49,"basic","monthly",80.00,4,3,1,"2025-09-14 15:26:09+12",NULL,108,0
50,"basic","monthly",40.00,2,2,0,"2025-07-06 06:37:37+12","2025-08-28 11:10:00+12",53,1
51,"basic","monthly",40.00,2,2,0,"2025-07-25 15:59:06+12","2025-09-11 19:39:01+12",48,1
52,"basic","monthly",180.00,9,8,1,"2025-04-19 15:50:18+12",NULL,256,0
53,"basic","yearly",216.00,1,1,0,"2025-05-29 05:56:22+12",NULL,216,0
54,"basic","monthly",20.00,1,1,0,"2025-12-30 02:16:24+13",NULL,1,0
55,"pro","monthly",200.00,4,4,0,"2025-09-22 03:36:38+12",NULL,100,0
56,"pro","monthly",250.00,5,5,0,"2025-08-16 13:11:17+12",NULL,137,0
57,"pro","yearly",540.00,1,1,0,"2025-04-13 16:39:38+12",NULL,262,0
58,"basic","monthly",80.00,4,3,1,"2025-09-23 10:25:02+12",NULL,99,0
59,"basic","monthly",180.00,9,9,0,"2025-04-13 22:44:15+12",NULL,262,0
60,"basic","monthly",120.00,6,6,0,"2025-07-03 11:30:58+12",NULL,181,0
61,"basic","monthly",20.00,1,1,0,"2025-12-10 00:01:21+13",NULL,21,0
62,"pro","monthly",50.00,1,1,0,"2025-09-27 21:19:17+12","2025-10-17 06:29:15+13",19,1
63,"basic","monthly",100.00,5,5,0,"2025-08-28 03:54:44+12",NULL,125,0
64,"basic","monthly",80.00,4,4,0,"2025-09-22 15:55:14+12",NULL,100,0
65,"pro","monthly",50.00,1,1,0,"2025-10-05 22:47:28+13","2025-10-23 15:04:14+13",17,1
66,"basic","monthly",60.00,3,3,0,"2025-10-25 23:17:46+13",NULL,67,0
67,"basic","monthly",160.00,8,8,0,"2025-05-15 07:41:05+12",NULL,230,0
68,"basic","monthly",240.00,12,11,1,"2025-01-08 03:13:58+13",NULL,357,0
69,"basic","monthly",140.00,7,7,0,"2025-06-28 01:47:31+12",NULL,186,0
70,"basic","monthly",80.00,4,4,0,"2025-05-26 04:55:23+12","2025-08-27 07:45:53+12",93,1
71,"basic","yearly",216.00,1,1,0,"2025-04-27 13:32:50+12",NULL,248,0
72,"basic","yearly",216.00,1,1,0,"2025-12-06 15:19:45+13",NULL,25,0
73,"basic","monthly",40.00,2,2,0,"2025-11-18 01:08:49+13",NULL,43,0
74,"pro","monthly",350.00,7,7,0,"2025-06-29 04:56:36+12",NULL,185,0
75,"basic","monthly",80.00,4,4,0,"2025-09-01 17:12:56+12",NULL,121,0
76,"basic","monthly",40.00,2,1,1,"2025-07-27 18:53:03+12","2025-09-26 08:27:55+12",60,1
77,"pro","monthly",100.00,2,2,0,"2025-11-08 14:29:03+13",NULL,53,0
78,"pro","yearly",540.00,1,1,0,"2025-07-30 23:45:12+12",NULL,153,0
79,"basic","monthly",160.00,8,6,2,"2025-05-09 23:52:29+12",NULL,235,0
80,"basic","monthly",160.00,8,8,0,"2025-05-18 00:40:59+12",NULL,227,0
81,"pro","monthly",250.00,5,5,0,"2025-08-05 09:01:15+12",NULL,148,0
82,"basic","monthly",100.00,5,4,1,"2025-05-13 03:38:28+12","2025-09-18 06:19:20+12",128,1
83,"basic","monthly",100.00,5,4,1,"2025-08-07 03:37:35+12",NULL,146,0
84,"pro","monthly",100.00,2,2,0,"2025-11-13 00:10:53+13",NULL,48,0
85,"basic","yearly",216.00,1,1,0,"2025-07-29 20:47:53+12",NULL,155,0
86,"basic","monthly",180.00,9,9,0,"2025-04-23 14:18:01+12",NULL,252,0
87,"basic","monthly",20.00,1,1,0,"2025-12-13 14:10:54+13",NULL,18,0
88,"basic","monthly",100.00,5,5,0,"2025-08-19 18:54:14+12",NULL,134,0
89,"basic","monthly",220.00,11,11,0,"2025-02-21 20:43:13+13",NULL,313,0
90,"pro","yearly",540.00,1,1,0,"2025-01-10 09:26:32+13",NULL,355,0
91,"pro","monthly",500.00,10,10,0,"2025-03-02 10:00:30+13",NULL,304,0
92,"basic","monthly",20.00,1,1,0,"2025-08-30 16:41:11+12","2025-09-13 15:09:18+12",13,1
93,"basic","monthly",60.00,3,3,0,"2025-10-20 13:14:16+13",NULL,72,0
94,"basic","monthly",120.00,6,5,1,"2025-07-20 21:45:45+12",NULL,164,0
95,"basic","yearly",216.00,1,1,0,"2025-02-21 21:27:57+13",NULL,313,0
96,"basic","monthly",120.00,6,4,2,"2025-07-13 23:29:16+12",NULL,170,0
97,"pro","monthly",50.00,1,1,0,"2025-12-08 03:19:43+13",NULL,23,0
98,"basic","monthly",100.00,5,5,0,"2025-08-18 07:25:37+12",NULL,135,0
99,"pro","monthly",50.00,1,1,0,"2025-12-04 13:32:42+13",NULL,27,0
100,"pro","monthly",100.00,2,2,0,"2025-11-28 00:35:41+13",NULL,33,0
101,"basic","monthly",240.00,12,11,1,"2025-01-21 08:18:19+13",NULL,344,0
102,"pro","monthly",50.00,1,1,0,"2025-09-22 15:30:04+12","2025-10-22 06:59:04+13",29,1
103,"basic","monthly",80.00,4,4,0,"2025-09-11 20:40:20+12",NULL,111,0
104,"basic","yearly",216.00,1,1,0,"2025-08-28 20:16:41+12",NULL,125,0
105,"basic","monthly",160.00,8,7,1,"2025-05-24 08:19:12+12",NULL,221,0
106,"pro","monthly",100.00,2,2,0,"2025-09-06 04:48:15+12","2025-10-13 23:26:13+13",37,1
107,"basic","monthly",200.00,10,9,1,"2025-03-29 14:51:54+13",NULL,277,0
108,"basic","monthly",20.00,1,1,0,"2025-07-27 07:25:42+12","2025-08-03 14:15:53+12",7,1
109,"basic","monthly",120.00,6,6,0,"2025-07-12 09:08:46+12",NULL,172,0
110,"basic","monthly",20.00,1,1,0,"2025-12-02 09:31:18+13",NULL,29,0
111,"basic","monthly",40.00,2,2,0,"2025-11-10 02:25:24+13",NULL,51,0
112,"basic","monthly",40.00,2,2,0,"2025-05-24 13:37:45+12","2025-07-22 16:37:35+12",59,1
113,"basic","monthly",60.00,3,3,0,"2025-08-19 18:21:46+12","2025-11-14 01:08:09+13",86,1
114,"basic","yearly",216.00,1,1,0,"2025-04-23 19:43:34+12",NULL,252,0
115,"pro","monthly",100.00,2,2,0,"2025-11-22 04:58:42+13",NULL,39,0
116,"basic","monthly",40.00,2,2,0,"2025-11-13 05:19:54+13",NULL,48,0
117,"basic","monthly",140.00,7,7,0,"2025-06-07 09:56:35+12",NULL,207,0
118,"pro","monthly",200.00,4,4,0,"2025-09-06 21:06:30+12",NULL,116,0
119,"basic","monthly",100.00,5,4,1,"2025-08-06 11:16:46+12",NULL,147,0
120,"pro","monthly",450.00,9,7,2,"2025-03-27 06:48:58+13","2025-12-06 12:23:48+13",254,1
121,"pro","monthly",150.00,3,3,0,"2025-10-07 10:57:21+13",NULL,85,0
122,"basic","monthly",80.00,4,3,1,"2025-08-21 14:14:22+12","2025-12-11 20:16:04+13",112,1
123,"basic","monthly",60.00,3,3,0,"2025-10-09 12:55:19+13",NULL,83,0
124,"basic","monthly",100.00,5,5,0,"2025-08-14 22:23:16+12",NULL,139,0
125,"basic","monthly",240.00,12,12,0,"2025-01-19 22:29:54+13",NULL,346,0
126,"basic","monthly",20.00,1,1,0,"2025-06-05 03:03:55+12","2025-06-09 17:53:17+12",4,1
127,"basic","monthly",240.00,12,12,0,"2025-01-22 07:37:39+13",NULL,343,0
128,"basic","monthly",40.00,2,2,0,"2025-11-04 04:56:12+13",NULL,57,0
129,"basic","yearly",216.00,1,1,0,"2025-11-17 16:55:43+13",NULL,44,0
130,"basic","monthly",60.00,3,3,0,"2025-10-14 05:19:26+13",NULL,78,0
131,"basic","monthly",140.00,7,7,0,"2025-06-02 16:08:12+12",NULL,212,0
132,"basic","yearly",216.00,1,1,0,"2025-02-12 02:36:57+13",NULL,322,0
133,"basic","monthly",40.00,2,2,0,"2025-12-01 03:09:20+13",NULL,30,0
134,"basic","yearly",216.00,1,1,0,"2025-12-29 11:11:49+13",NULL,2,0
135,"basic","monthly",220.00,11,11,0,"2025-02-04 04:21:40+13",NULL,330,0
136,"basic","monthly",100.00,5,5,0,"2025-08-06 22:40:03+12",NULL,147,0
137,"basic","monthly",220.00,11,11,0,"2025-02-02 03:17:13+13",NULL,332,0
138,"basic","monthly",60.00,3,3,0,"2025-10-25 18:36:48+13",NULL,67,0
139,"basic","monthly",60.00,3,3,0,"2025-10-07 04:50:48+13",NULL,85,0
140,"pro","monthly",500.00,10,10,0,"2025-03-25 15:08:39+13",NULL,281,0
141,"basic","monthly",120.00,6,6,0,"2025-07-15 08:27:25+12",NULL,169,0
142,"basic","monthly",100.00,5,5,0,"2025-08-15 03:24:00+12",NULL,138,0
143,"basic","monthly",160.00,8,8,0,"2025-05-03 05:12:46+12",NULL,242,0
144,"pro","yearly",540.00,1,1,0,"2025-11-12 13:57:20+13",NULL,49,0
145,"basic","monthly",120.00,6,5,1,"2025-07-26 04:12:01+12",NULL,158,0
146,"basic","yearly",216.00,1,1,0,"2025-04-22 12:40:46+12",NULL,253,0
147,"basic","yearly",216.00,1,1,0,"2025-08-08 19:44:56+12",NULL,145,0
148,"pro","monthly",200.00,4,4,0,"2025-09-12 21:08:06+12",NULL,110,0
149,"basic","monthly",180.00,9,9,0,"2025-04-14 04:37:19+12",NULL,261,0
150,"basic","monthly",140.00,7,7,0,"2025-06-06 14:52:02+12",NULL,208,0
151,"basic","monthly",20.00,1,1,0,"2025-12-10 22:29:46+13",NULL,21,0
152,"basic","yearly",216.00,1,1,0,"2025-09-18 07:33:21+12",NULL,104,0
153,"pro","monthly",300.00,6,5,1,"2025-07-15 09:08:21+12",NULL,169,0
154,"pro","monthly",50.00,1,1,0,"2025-08-30 03:22:48+12","2025-09-07 08:40:14+12",8,1
155,"basic","monthly",40.00,2,2,0,"2025-03-07 18:58:58+13","2025-04-23 06:58:20+12",46,1
156,"basic","yearly",216.00,1,1,0,"2025-05-27 00:01:14+12",NULL,218,0
157,"basic","monthly",140.00,7,6,1,"2025-06-09 11:08:13+12",NULL,205,0
158,"pro","monthly",250.00,5,5,0,"2025-08-24 12:37:32+12",NULL,129,0
159,"basic","monthly",160.00,8,7,1,"2025-05-06 15:23:45+12",NULL,239,0
160,"basic","monthly",160.00,8,7,1,"2025-05-21 13:24:56+12",NULL,224,0
161,"basic","yearly",216.00,1,1,0,"2025-02-21 21:49:34+13",NULL,313,0
162,"pro","monthly",200.00,4,4,0,"2025-09-20 13:38:03+12",NULL,102,0
163,"basic","monthly",160.00,8,7,1,"2025-05-22 15:41:53+12",NULL,223,0
164,"basic","monthly",40.00,2,2,0,"2025-11-01 14:44:07+13",NULL,60,0
165,"basic","monthly",40.00,2,2,0,"2025-11-15 03:24:07+13",NULL,46,0
166,"basic","monthly",220.00,11,10,1,"2025-02-18 21:30:44+13",NULL,316,0
167,"basic","monthly",160.00,8,7,1,"2025-05-05 18:44:43+12",NULL,240,0
168,"basic","monthly",80.00,4,3,1,"2025-09-21 12:19:26+12",NULL,101,0
169,"basic","monthly",180.00,9,9,0,"2025-04-22 15:42:33+12",NULL,253,0
170,"basic","monthly",20.00,1,1,0,"2025-03-10 08:38:44+13","2025-04-02 08:45:03+13",23,1
171,"pro","monthly",50.00,1,1,0,"2025-12-06 02:53:57+13",NULL,25,0
172,"pro","monthly",250.00,5,4,1,"2025-08-05 04:46:39+12",NULL,148,0
173,"basic","monthly",120.00,6,6,0,"2025-07-04 21:07:50+12",NULL,180,0
174,"basic","monthly",60.00,3,3,0,"2025-10-05 04:12:38+13",NULL,87,0
175,"basic","monthly",60.00,3,3,0,"2025-10-07 21:53:33+13",NULL,85,0
176,"basic","monthly",20.00,1,1,0,"2025-04-07 23:45:26+12","2025-04-13 07:58:50+12",5,1
177,"basic","monthly",220.00,11,11,0,"2025-02-10 18:02:35+13",NULL,324,0
178,"basic","monthly",120.00,6,6,0,"2025-07-16 18:44:59+12",NULL,168,0
179,"pro","yearly",540.00,1,1,0,"2025-07-16 22:15:00+12",NULL,168,0
180,"basic","monthly",120.00,6,6,0,"2025-07-02 09:05:58+12",NULL,182,0
181,"pro","monthly",200.00,4,4,0,"2025-09-05 06:42:31+12",NULL,117,0
182,"basic","monthly",80.00,4,4,0,"2025-09-05 14:49:32+12",NULL,117,0
183,"pro","yearly",540.00,1,1,0,"2025-12-04 12:46:06+13",NULL,27,0
184,"pro","monthly",50.00,1,1,0,"2025-02-10 09:14:29+13","2025-02-28 16:56:21+13",18,1
185,"basic","yearly",216.00,1,1,0,"2025-07-10 20:29:03+12",NULL,174,0
186,"basic","monthly",100.00,5,5,0,"2025-06-04 17:55:02+12","2025-10-05 13:52:33+13",122,1
187,"basic","monthly",40.00,2,2,0,"2025-11-28 22:23:51+13",NULL,33,0
188,"basic","monthly",160.00,8,8,0,"2025-05-22 22:27:47+12",NULL,223,0
189,"basic","monthly",100.00,5,5,0,"2025-04-04 16:54:48+13","2025-08-12 05:07:59+12",129,1
190,"basic","monthly",120.00,6,5,1,"2025-07-29 13:00:54+12",NULL,155,0
191,"basic","monthly",80.00,4,3,1,"2025-07-06 09:41:10+12","2025-11-05 12:53:41+13",122,1
192,"pro","monthly",400.00,8,7,1,"2025-05-11 23:57:28+12",NULL,233,0
193,"basic","monthly",40.00,2,2,0,"2025-06-01 07:17:56+12","2025-07-14 15:00:58+12",43,1
194,"basic","monthly",40.00,2,2,0,"2025-11-24 15:23:52+13",NULL,37,0
195,"basic","monthly",120.00,6,6,0,"2025-07-11 17:07:25+12",NULL,173,0
196,"basic","yearly",216.00,1,1,0,"2025-11-14 03:17:53+13",NULL,47,0
197,"basic","monthly",100.00,5,4,1,"2025-08-14 10:54:30+12",NULL,139,0
198,"basic","monthly",160.00,8,8,0,"2025-02-27 02:41:56+13","2025-10-16 14:50:23+13",231,1
199,"basic","monthly",20.00,1,1,0,"2025-12-26 18:07:08+13",NULL,5,0
200,"basic","monthly",60.00,3,3,0,"2025-10-24 12:03:54+13",NULL,68,0
201,"basic","yearly",216.00,1,1,0,"2025-12-06 16:26:58+13",NULL,25,0
202,"pro","monthly",100.00,2,2,0,"2025-11-20 04:51:36+13",NULL,41,0
203,"basic","monthly",60.00,3,3,0,"2025-10-23 03:11:39+13",NULL,69,0
204,"basic","monthly",20.00,1,1,0,"2025-04-13 23:39:01+12","2025-05-05 05:39:37+12",21,1
205,"basic","monthly",100.00,5,5,0,"2025-08-29 09:56:53+12",NULL,124,0
206,"basic","monthly",120.00,6,5,1,"2025-04-24 16:30:58+12","2025-10-01 22:41:52+13",160,1
207,"basic","monthly",20.00,1,1,0,"2025-07-16 15:56:26+12","2025-08-03 23:26:35+12",18,1
208,"basic","monthly",200.00,10,9,1,"2025-02-15 14:04:16+13","2025-12-14 14:52:46+13",302,1
209,"basic","yearly",216.00,1,1,0,"2025-07-21 22:00:45+12",NULL,163,0
210,"pro","yearly",540.00,1,1,0,"2025-12-29 10:33:49+13",NULL,2,0
211,"basic","yearly",216.00,1,1,0,"2025-05-25 06:46:36+12",NULL,220,0
212,"pro","monthly",150.00,3,2,1,"2025-10-09 10:55:21+13",NULL,83,0
213,"basic","yearly",216.00,1,1,0,"2025-07-18 04:44:44+12",NULL,166,0
214,"basic","monthly",120.00,6,6,0,"2025-07-20 15:27:42+12",NULL,164,0
215,"pro","yearly",540.00,1,1,0,"2025-12-24 20:30:22+13",NULL,7,0
216,"basic","monthly",20.00,1,1,0,"2025-12-23 10:41:24+13",NULL,8,0
217,"basic","monthly",80.00,4,4,0,"2025-08-06 05:57:39+12","2025-11-07 12:59:37+13",93,1
218,"pro","monthly",200.00,4,4,0,"2025-09-02 12:41:59+12",NULL,120,0
219,"basic","monthly",60.00,3,3,0,"2025-03-07 05:54:30+13","2025-05-29 13:32:59+12",83,1
220,"basic","yearly",216.00,1,1,0,"2025-06-29 03:55:10+12",NULL,185,0
221,"pro","monthly",50.00,1,1,0,"2025-12-04 04:20:15+13",NULL,27,0
222,"basic","monthly",100.00,5,5,0,"2025-08-11 20:03:32+12",NULL,142,0
223,"basic","monthly",100.00,5,5,0,"2025-08-09 05:41:24+12",NULL,144,0
224,"basic","monthly",80.00,4,4,0,"2025-09-13 19:05:29+12",NULL,109,0
225,"basic","monthly",220.00,11,11,0,"2025-02-16 07:28:05+13",NULL,318,0
226,"pro","monthly",250.00,5,5,0,"2025-08-29 03:28:20+12",NULL,124,0
227,"pro","monthly",250.00,5,5,0,"2025-08-05 03:47:41+12",NULL,148,0
228,"basic","monthly",40.00,2,2,0,"2025-11-01 16:25:26+13",NULL,60,0
229,"basic","monthly",200.00,10,10,0,"2025-03-03 06:35:00+13",NULL,303,0
230,"basic","monthly",20.00,1,1,0,"2025-12-27 15:50:38+13",NULL,4,0
231,"pro","yearly",540.00,1,1,0,"2025-02-21 09:19:56+13",NULL,313,0
232,"basic","monthly",180.00,9,9,0,"2025-04-18 05:13:41+12",NULL,257,0
233,"pro","monthly",250.00,5,5,0,"2025-08-23 02:21:23+12",NULL,130,0
234,"basic","monthly",80.00,4,3,1,"2025-09-27 13:52:14+12",NULL,95,0
235,"pro","monthly",400.00,8,8,0,"2025-05-29 02:21:35+12",NULL,216,0
236,"pro","monthly",500.00,10,10,0,"2025-03-26 08:38:30+13",NULL,280,0
237,"basic","monthly",40.00,2,2,0,"2025-11-24 10:23:45+13",NULL,37,0
238,"basic","monthly",160.00,8,8,0,"2025-05-15 15:06:48+12",NULL,230,0
239,"pro","yearly",540.00,1,1,0,"2025-08-22 19:00:21+12",NULL,131,0
240,"basic","yearly",216.00,1,1,0,"2025-08-13 08:51:18+12",NULL,140,0
241,"basic","monthly",60.00,3,2,1,"2025-07-19 04:23:44+12","2025-09-30 15:18:47+13",73,1
242,"basic","monthly",100.00,5,5,0,"2025-08-04 13:57:10+12",NULL,149,0
243,"pro","monthly",200.00,4,4,0,"2025-08-16 16:52:45+12","2025-12-10 20:58:01+13",116,1
244,"basic","monthly",20.00,1,1,0,"2025-12-25 12:26:06+13",NULL,6,0
245,"basic","monthly",60.00,3,3,0,"2025-04-10 07:12:12+12","2025-07-07 02:03:36+12",87,1
246,"basic","yearly",216.00,1,1,0,"2025-09-05 00:13:29+12","2025-10-12 05:03:52+13",37,1
247,"pro","monthly",400.00,8,8,0,"2025-05-27 18:45:21+12",NULL,218,0
248,"basic","yearly",216.00,1,1,0,"2025-07-05 01:02:59+12",NULL,179,0
249,"pro","yearly",540.00,1,1,0,"2025-09-22 09:37:07+12",NULL,100,0
250,"basic","yearly",216.00,1,1,0,"2025-06-26 02:29:42+12",NULL,188,0
251,"basic","monthly",40.00,2,2,0,"2025-06-20 04:08:31+12","2025-08-01 23:31:44+12",42,1
252,"basic","monthly",80.00,4,3,1,"2025-09-02 04:47:03+12",NULL,120,0
253,"pro","monthly",350.00,7,7,0,"2025-02-19 02:53:37+13","2025-09-12 09:15:05+12",205,1
254,"basic","yearly",216.00,1,1,0,"2025-07-17 04:49:58+12",NULL,167,0
255,"basic","yearly",216.00,1,0,1,"2025-12-30 18:44:37+13",NULL,1,0
256,"basic","monthly",20.00,1,1,0,"2025-12-07 12:52:08+13",NULL,24,0
257,"pro","yearly",540.00,1,1,0,"2025-02-05 01:42:38+13",NULL,329,0
258,"basic","monthly",40.00,2,2,0,"2025-04-20 22:32:56+12","2025-05-21 14:20:18+12",30,1
259,"basic","monthly",160.00,8,8,0,"2025-05-14 01:38:58+12",NULL,231,0
260,"basic","monthly",20.00,1,1,0,"2025-12-23 20:17:25+13",NULL,8,0
261,"basic","monthly",40.00,2,2,0,"2025-11-11 22:28:51+13",NULL,50,0
262,"basic","monthly",40.00,2,2,0,"2025-11-05 17:26:38+13",NULL,56,0
263,"pro","monthly",300.00,6,6,0,"2025-07-24 11:32:19+12",NULL,160,0
264,"basic","monthly",20.00,1,1,0,"2025-03-28 11:35:55+13","2025-04-03 22:55:35+13",6,1
265,"basic","monthly",60.00,3,3,0,"2025-10-12 11:47:59+13",NULL,80,0
266,"basic","monthly",80.00,4,4,0,"2025-09-19 08:13:12+12",NULL,103,0
267,"pro","yearly",540.00,1,1,0,"2025-08-08 07:45:18+12",NULL,145,0
268,"basic","monthly",20.00,1,1,0,"2025-12-23 00:58:43+13",NULL,8,0
269,"basic","yearly",216.00,1,1,0,"2025-09-06 10:41:11+12",NULL,116,0
270,"basic","monthly",40.00,2,2,0,"2025-01-18 06:44:40+13","2025-02-23 20:56:59+13",36,1
271,"pro","monthly",150.00,3,3,0,"2025-10-12 11:07:48+13",NULL,80,0
272,"basic","yearly",216.00,1,1,0,"2025-06-13 05:30:37+12",NULL,201,0
273,"basic","monthly",80.00,4,3,1,"2025-09-20 09:45:26+12",NULL,102,0
274,"basic","yearly",216.00,1,1,0,"2025-12-23 12:57:53+13",NULL,8,0
275,"pro","monthly",50.00,1,1,0,"2025-03-18 22:56:54+13","2025-04-13 03:08:37+12",25,1
276,"pro","monthly",50.00,1,1,0,"2025-03-14 13:33:06+13","2025-04-07 06:31:57+12",23,1
277,"basic","yearly",216.00,1,1,0,"2025-03-02 01:09:03+13",NULL,304,0
278,"basic","monthly",100.00,5,5,0,"2025-08-22 13:12:17+12",NULL,131,0
279,"basic","monthly",100.00,5,4,1,"2025-05-25 17:18:43+12","2025-10-21 02:11:36+13",148,1
280,"basic","monthly",100.00,5,5,0,"2025-08-09 16:53:03+12",NULL,144,0
281,"basic","monthly",80.00,4,4,0,"2025-09-23 21:13:48+12",NULL,99,0
282,"basic","yearly",216.00,1,1,0,"2025-04-18 13:22:52+12",NULL,257,0
283,"basic","yearly",216.00,1,1,0,"2025-09-15 15:39:55+12",NULL,107,0
284,"basic","monthly",140.00,7,6,1,"2025-05-23 11:35:55+12","2025-11-29 20:41:54+13",190,1
285,"basic","monthly",100.00,5,5,0,"2025-08-09 11:41:35+12",NULL,144,0
286,"basic","monthly",40.00,2,2,0,"2025-11-13 20:32:50+13",NULL,48,0
287,"basic","monthly",60.00,3,3,0,"2025-10-27 11:18:44+13",NULL,65,0
288,"basic","yearly",216.00,1,1,0,"2025-02-22 14:59:24+13",NULL,312,0
289,"basic","monthly",120.00,6,6,0,"2025-07-14 01:50:43+12",NULL,170,0
290,"basic","monthly",20.00,1,1,0,"2025-05-12 05:03:00+12","2025-05-26 02:59:33+12",13,1
291,"basic","monthly",240.00,12,12,0,"2025-01-24 21:12:39+13",NULL,341,0
292,"basic","yearly",216.00,1,1,0,"2025-10-29 03:53:14+13",NULL,63,0
293,"basic","monthly",60.00,3,3,0,"2025-10-01 09:45:45+13","2025-12-08 04:53:56+13",67,1
294,"pro","monthly",400.00,8,8,0,"2025-05-21 23:48:37+12",NULL,223,0
295,"basic","yearly",216.00,1,1,0,"2025-09-19 11:38:12+12",NULL,103,0
296,"basic","yearly",216.00,1,1,0,"2025-08-26 11:12:18+12",NULL,127,0
297,"pro","monthly",300.00,6,6,0,"2025-07-15 17:43:04+12",NULL,169,0
298,"pro","monthly",400.00,8,8,0,"2025-01-06 18:47:32+13","2025-09-01 14:42:51+12",237,1
299,"pro","monthly",550.00,11,11,0,"2025-02-05 01:02:27+13",NULL,329,0
300,"basic","monthly",40.00,2,2,0,"2025-11-10 06:16:08+13",NULL,51,0
301,"basic","monthly",40.00,2,2,0,"2025-11-07 07:54:16+13",NULL,54,0
302,"basic","monthly",100.00,5,5,0,"2025-08-01 22:29:45+12",NULL,152,0
303,"basic","monthly",60.00,3,3,0,"2025-10-30 17:02:09+13",NULL,62,0
304,"basic","monthly",100.00,5,5,0,"2025-08-30 22:38:03+12",NULL,123,0
305,"pro","monthly",350.00,7,7,0,"2025-03-26 09:39:53+13","2025-10-16 23:38:30+13",204,1
306,"basic","monthly",200.00,10,10,0,"2025-03-22 22:31:50+13",NULL,284,0
307,"basic","yearly",216.00,1,0,1,"2025-06-20 05:22:04+12",NULL,194,0
308,"basic","monthly",40.00,2,2,0,"2025-11-27 11:20:33+13",NULL,34,0
309,"basic","monthly",60.00,3,2,1,"2025-10-08 18:33:04+13",NULL,84,0
310,"pro","monthly",100.00,2,2,0,"2025-11-27 05:10:26+13",NULL,34,0
311,"basic","monthly",40.00,2,2,0,"2025-11-19 06:25:05+13",NULL,42,0
312,"basic","monthly",180.00,9,8,1,"2025-04-12 19:56:13+12",NULL,263,0
313,"basic","monthly",160.00,8,8,0,"2025-05-22 22:21:23+12",NULL,223,0
314,"basic","monthly",120.00,6,6,0,"2025-03-10 19:48:39+13","2025-08-22 11:25:40+12",164,1
315,"pro","monthly",150.00,3,3,0,"2025-10-18 04:35:52+13",NULL,74,0
316,"basic","monthly",40.00,2,2,0,"2025-11-26 09:00:07+13",NULL,35,0
317,"basic","yearly",216.00,1,1,0,"2025-07-22 23:28:15+12",NULL,161,0
318,"basic","yearly",216.00,1,1,0,"2025-08-30 08:39:58+12",NULL,123,0
319,"basic","monthly",200.00,10,9,1,"2025-03-20 20:02:43+13",NULL,286,0
320,"basic","monthly",40.00,2,2,0,"2025-11-29 23:24:58+13",NULL,32,0
321,"basic","yearly",216.00,1,1,0,"2025-11-26 16:24:16+13",NULL,35,0
322,"pro","monthly",50.00,1,0,1,"2025-12-19 12:18:01+13",NULL,12,0
323,"basic","monthly",60.00,3,3,0,"2025-10-31 05:52:49+13",NULL,61,0
324,"basic","monthly",40.00,2,2,0,"2025-11-13 05:51:32+13",NULL,48,0
325,"pro","monthly",550.00,11,10,1,"2025-01-16 04:02:18+13","2025-11-22 08:47:50+13",310,1
326,"basic","monthly",80.00,4,4,0,"2025-09-30 09:12:20+13",NULL,92,0
327,"basic","yearly",216.00,1,0,1,"2025-06-17 14:06:10+12",NULL,197,0
328,"pro","yearly",540.00,1,1,0,"2025-12-31 21:14:27+13",NULL,0,0
329,"basic","monthly",60.00,3,3,0,"2025-10-21 15:13:42+13",NULL,71,0
330,"pro","monthly",100.00,2,2,0,"2025-11-21 19:55:43+13",NULL,40,0
331,"basic","yearly",216.00,1,1,0,"2025-10-14 16:13:34+13",NULL,78,0
332,"basic","monthly",160.00,8,8,0,"2025-05-28 10:56:47+12",NULL,217,0
333,"pro","monthly",150.00,3,3,0,"2025-10-26 02:41:52+13",NULL,66,0
334,"basic","yearly",216.00,1,1,0,"2025-03-31 15:47:43+13",NULL,275,0
335,"basic","monthly",40.00,2,1,1,"2025-11-05 13:29:45+13",NULL,56,0
336,"pro","monthly",100.00,2,2,0,"2025-11-11 14:05:04+13",NULL,50,0
337,"basic","yearly",216.00,1,1,0,"2025-05-02 17:50:16+12",NULL,243,0
338,"basic","monthly",60.00,3,3,0,"2025-10-18 15:36:52+13",NULL,74,0
339,"basic","yearly",216.00,1,1,0,"2025-07-08 20:26:24+12",NULL,176,0
340,"basic","yearly",216.00,1,1,0,"2025-06-16 08:25:27+12",NULL,198,0
341,"basic","monthly",60.00,3,3,0,"2025-10-11 13:24:43+13",NULL,81,0
342,"pro","monthly",400.00,8,8,0,"2025-05-05 05:00:41+12",NULL,240,0
343,"basic","yearly",216.00,1,1,0,"2025-01-25 08:04:48+13",NULL,340,0
344,"basic","monthly",180.00,9,9,0,"2025-04-25 06:02:44+12",NULL,250,0
345,"basic","yearly",216.00,1,1,0,"2025-06-28 14:22:59+12",NULL,186,0
346,"basic","monthly",40.00,2,2,0,"2025-11-17 16:18:50+13",NULL,44,0
347,"basic","monthly",20.00,1,1,0,"2025-12-22 22:38:05+13",NULL,9,0
348,"basic","monthly",140.00,7,7,0,"2025-05-11 02:24:25+12","2025-11-26 04:03:00+13",199,1
349,"basic","monthly",80.00,4,4,0,"2025-09-28 10:01:30+13",NULL,94,0
350,"basic","monthly",120.00,6,6,0,"2025-07-07 05:14:08+12",NULL,177,0
351,"basic","monthly",20.00,1,1,0,"2025-12-25 01:50:51+13",NULL,6,0
352,"basic","monthly",20.00,1,1,0,"2025-08-29 05:18:40+12","2025-09-11 12:16:06+12",13,1
353,"basic","monthly",20.00,1,1,0,"2025-12-05 22:43:56+13",NULL,26,0
354,"basic","monthly",40.00,2,2,0,"2025-03-31 12:41:23+13","2025-05-22 09:36:46+12",51,1
355,"pro","monthly",50.00,1,1,0,"2025-12-31 13:35:55+13",NULL,0,0
356,"pro","monthly",450.00,9,9,0,"2025-04-18 16:07:02+12",NULL,257,0
357,"basic","monthly",20.00,1,1,0,"2025-12-02 07:38:25+13",NULL,29,0
358,"basic","monthly",160.00,8,7,1,"2025-05-19 05:05:19+12",NULL,226,0
359,"basic","yearly",216.00,1,1,0,"2025-03-08 12:47:57+13",NULL,298,0
360,"basic","monthly",120.00,6,5,1,"2025-07-24 23:13:26+12",NULL,159,0
361,"pro","monthly",200.00,4,4,0,"2025-09-30 09:54:32+13",NULL,92,0
362,"basic","monthly",140.00,7,7,0,"2025-06-05 17:11:14+12",NULL,209,0
363,"basic","monthly",100.00,5,4,1,"2025-08-20 20:12:07+12",NULL,133,0
364,"pro","monthly",250.00,5,5,0,"2025-08-07 09:51:36+12",NULL,146,0
365,"basic","monthly",120.00,6,6,0,"2025-07-28 13:54:48+12",NULL,156,0
366,"pro","yearly",540.00,1,1,0,"2025-08-31 05:29:41+12",NULL,122,0
367,"basic","yearly",216.00,1,1,0,"2025-05-18 14:18:42+12",NULL,227,0
368,"basic","monthly",80.00,4,4,0,"2025-09-03 20:06:12+12",NULL,119,0
369,"basic","monthly",240.00,12,11,1,"2025-01-25 07:31:21+13",NULL,340,0
370,"basic","monthly",40.00,2,2,0,"2025-11-12 17:42:41+13",NULL,49,0
371,"basic","monthly",100.00,5,4,1,"2025-08-08 15:18:39+12",NULL,145,0
372,"basic","monthly",80.00,4,4,0,"2025-09-03 18:20:31+12",NULL,119,0
373,"basic","yearly",216.00,1,1,0,"2025-09-15 22:39:42+12",NULL,107,0
374,"basic","monthly",80.00,4,4,0,"2025-09-11 10:37:09+12",NULL,111,0
375,"basic","monthly",20.00,1,1,0,"2025-07-20 06:23:51+12","2025-08-02 18:15:11+12",13,1
376,"basic","monthly",220.00,11,11,0,"2025-02-12 02:10:00+13",NULL,322,0
377,"basic","monthly",40.00,2,2,0,"2025-09-11 19:50:14+12","2025-11-09 23:06:19+13",59,1
378,"basic","monthly",140.00,7,7,0,"2025-06-24 11:41:27+12",NULL,190,0
379,"basic","monthly",60.00,3,3,0,"2025-06-09 23:08:43+12","2025-08-20 10:57:41+12",71,1
380,"basic","monthly",60.00,3,3,0,"2025-10-24 23:56:30+13",NULL,68,0
381,"basic","monthly",60.00,3,3,0,"2025-09-16 02:22:49+12","2025-12-01 21:34:38+13",76,1
382,"pro","monthly",350.00,7,6,1,"2025-06-11 03:35:06+12",NULL,203,0
383,"pro","yearly",540.00,1,1,0,"2025-06-07 08:38:05+12",NULL,207,0
384,"basic","monthly",120.00,6,5,1,"2025-07-27 20:54:52+12",NULL,157,0
385,"pro","yearly",540.00,1,1,0,"2025-07-06 05:12:16+12",NULL,178,0
386,"pro","monthly",350.00,7,7,0,"2025-06-25 08:04:46+12",NULL,189,0
387,"pro","monthly",500.00,10,10,0,"2025-03-03 13:54:32+13",NULL,303,0
388,"basic","monthly",120.00,6,6,0,"2025-07-21 12:52:37+12",NULL,163,0
389,"pro","yearly",540.00,1,1,0,"2025-12-20 01:49:37+13",NULL,11,0
390,"basic","monthly",80.00,4,4,0,"2025-09-07 13:35:16+12",NULL,115,0
391,"basic","monthly",40.00,2,2,0,"2025-11-19 06:30:41+13",NULL,42,0
392,"basic","monthly",100.00,5,4,1,"2025-08-25 16:23:25+12",NULL,128,0
393,"pro","monthly",350.00,7,7,0,"2025-06-09 06:46:54+12",NULL,205,0
394,"basic","monthly",100.00,5,4,1,"2025-08-10 16:29:32+12",NULL,143,0
395,"basic","monthly",240.00,12,8,4,"2025-01-17 15:25:23+13",NULL,348,0
396,"basic","monthly",160.00,8,7,1,"2025-05-17 12:42:15+12",NULL,228,0
397,"basic","monthly",120.00,6,6,0,"2025-07-29 07:43:10+12",NULL,155,0
398,"basic","monthly",80.00,4,4,0,"2025-08-26 04:08:28+12","2025-12-09 11:14:30+13",105,1
399,"basic","monthly",80.00,4,3,1,"2025-09-06 17:36:36+12",NULL,116,0
400,"basic","yearly",216.00,1,1,0,"2025-07-22 16:47:46+12",NULL,162,0
401,"pro","yearly",540.00,1,1,0,"2025-07-16 23:02:14+12",NULL,167,0
402,"basic","monthly",180.00,9,9,0,"2025-04-26 03:14:04+12",NULL,249,0
403,"basic","monthly",120.00,6,6,0,"2025-07-09 23:14:02+12",NULL,174,0
404,"pro","monthly",100.00,2,2,0,"2025-11-22 19:33:58+13",NULL,39,0
405,"basic","monthly",60.00,3,3,0,"2025-10-27 00:24:30+13",NULL,65,0
406,"basic","monthly",180.00,9,8,1,"2025-05-01 02:56:02+12",NULL,244,0
407,"pro","monthly",500.00,10,10,0,"2025-02-03 09:20:06+13","2025-11-10 07:35:00+13",279,1
408,"pro","monthly",250.00,5,5,0,"2025-08-24 04:40:53+12",NULL,129,0
409,"pro","monthly",200.00,4,4,0,"2025-09-10 11:16:37+12",NULL,112,0
410,"basic","yearly",216.00,1,1,0,"2025-06-19 06:11:24+12",NULL,195,0
411,"pro","monthly",50.00,1,1,0,"2025-10-22 01:23:37+13","2025-11-10 19:46:48+13",19,1
412,"basic","monthly",80.00,4,4,0,"2025-09-21 14:33:16+12",NULL,101,0
413,"basic","monthly",80.00,4,4,0,"2025-09-13 19:33:25+12",NULL,109,0
414,"basic","monthly",160.00,8,8,0,"2025-05-12 23:31:50+12",NULL,232,0
415,"basic","monthly",80.00,4,3,1,"2025-04-17 07:00:32+12","2025-08-03 13:10:37+12",108,1
416,"basic","yearly",216.00,1,1,0,"2025-01-29 17:28:10+13",NULL,336,0
417,"pro","monthly",400.00,8,8,0,"2025-05-08 14:32:41+12",NULL,237,0
418,"basic","monthly",120.00,6,6,0,"2025-07-09 18:09:11+12",NULL,175,0
419,"basic","monthly",60.00,3,3,0,"2025-10-07 00:38:45+13",NULL,85,0
420,"basic","monthly",220.00,11,11,0,"2025-02-27 16:42:14+13",NULL,307,0
421,"pro","monthly",50.00,1,1,0,"2025-07-14 22:46:07+12","2025-07-31 08:37:12+12",16,1
422,"basic","monthly",100.00,5,5,0,"2025-08-17 09:30:30+12",NULL,136,0
423,"pro","monthly",450.00,9,9,0,"2025-04-08 06:10:41+12",NULL,267,0
424,"basic","yearly",216.00,1,1,0,"2025-09-28 01:01:15+12",NULL,94,0
425,"basic","monthly",100.00,5,5,0,"2025-08-02 16:36:37+12",NULL,151,0
426,"basic","monthly",120.00,6,6,0,"2025-05-06 16:40:32+12","2025-10-20 10:28:14+13",166,1
427,"basic","yearly",216.00,1,1,0,"2025-09-03 06:09:03+12",NULL,119,0
428,"basic","monthly",80.00,4,4,0,"2025-01-06 21:59:11+13","2025-04-27 14:36:39+12",110,1
429,"basic","yearly",216.00,1,1,0,"2025-09-18 00:38:36+12",NULL,104,0
430,"basic","monthly",60.00,3,3,0,"2025-10-21 13:56:46+13",NULL,71,0
431,"basic","monthly",200.00,10,10,0,"2025-03-25 10:52:18+13",NULL,281,0
432,"pro","yearly",540.00,1,1,0,"2025-07-31 14:13:28+12",NULL,153,0
433,"basic","yearly",216.00,1,1,0,"2025-04-21 03:55:30+12",NULL,254,0
434,"basic","monthly",20.00,1,1,0,"2025-12-06 20:53:26+13",NULL,25,0
435,"pro","monthly",150.00,3,3,0,"2025-08-20 16:50:37+12","2025-10-26 10:50:18+13",66,1
436,"pro","yearly",540.00,1,1,0,"2025-02-27 18:39:42+13",NULL,307,0
437,"basic","monthly",60.00,3,3,0,"2025-05-17 20:10:46+12","2025-08-09 02:33:22+12",83,1
438,"pro","monthly",150.00,3,3,0,"2025-10-22 23:59:29+13",NULL,70,0
439,"basic","monthly",120.00,6,6,0,"2025-07-21 06:04:14+12",NULL,163,0
440,"basic","monthly",60.00,3,3,0,"2025-10-14 01:08:06+13",NULL,78,0
441,"basic","monthly",80.00,4,4,0,"2025-09-01 18:33:55+12",NULL,121,0
442,"basic","monthly",20.00,1,1,0,"2025-12-31 05:43:26+13",NULL,0,0
443,"basic","monthly",100.00,5,5,0,"2025-08-27 16:38:06+12",NULL,126,0
444,"pro","yearly",540.00,1,1,0,"2025-12-07 04:57:39+13",NULL,24,0
445,"basic","yearly",216.00,1,1,0,"2025-11-20 14:56:50+13",NULL,41,0
446,"pro","monthly",250.00,5,5,0,"2025-08-19 04:48:07+12",NULL,134,0
447,"basic","monthly",80.00,4,4,0,"2025-09-04 03:42:08+12",NULL,118,0
448,"basic","monthly",100.00,5,5,0,"2025-08-30 07:34:52+12",NULL,123,0
449,"basic","monthly",60.00,3,3,0,"2025-10-02 10:41:27+13",NULL,90,0
450,"basic","monthly",100.00,5,5,0,"2025-08-18 01:23:55+12",NULL,135,0
451,"basic","monthly",40.00,2,2,0,"2025-11-03 11:33:27+13",NULL,58,0
452,"basic","monthly",80.00,4,4,0,"2025-09-09 03:50:49+12",NULL,113,0
453,"pro","yearly",540.00,1,1,0,"2025-07-13 23:37:51+12",NULL,170,0
454,"pro","monthly",400.00,8,7,1,"2025-05-25 10:36:06+12",NULL,220,0
455,"basic","monthly",160.00,8,8,0,"2025-05-14 16:16:30+12",NULL,231,0
456,"basic","monthly",80.00,4,4,0,"2025-09-25 19:58:54+12",NULL,97,0
457,"basic","monthly",60.00,3,3,0,"2025-10-03 22:38:56+13",NULL,89,0
458,"basic","monthly",100.00,5,5,0,"2025-08-19 01:16:12+12",NULL,134,0
459,"basic","monthly",20.00,1,1,0,"2025-08-02 10:47:50+12","2025-08-19 16:21:11+12",17,1
460,"pro","monthly",50.00,1,1,0,"2025-05-02 06:33:07+12","2025-05-07 10:03:45+12",5,1
461,"basic","monthly",220.00,11,11,0,"2025-02-17 13:24:41+13",NULL,317,0
462,"pro","monthly",400.00,8,8,0,"2025-05-08 10:51:20+12",NULL,237,0
463,"basic","yearly",216.00,1,1,0,"2025-05-14 23:06:09+12",NULL,230,0
464,"basic","monthly",40.00,2,2,0,"2025-06-15 08:37:16+12","2025-08-10 03:08:51+12",55,1
465,"basic","monthly",100.00,5,5,0,"2025-08-10 05:27:36+12",NULL,143,0
466,"basic","monthly",120.00,6,6,0,"2025-03-13 08:17:43+13","2025-08-18 23:10:35+12",158,1
467,"pro","monthly",400.00,8,7,1,"2025-05-13 18:26:35+12",NULL,232,0
468,"pro","monthly",200.00,4,4,0,"2025-09-27 05:30:11+12",NULL,95,0
469,"pro","monthly",200.00,4,3,1,"2025-09-13 05:35:30+12",NULL,109,0
470,"basic","monthly",80.00,4,3,1,"2025-02-09 22:36:22+13","2025-06-04 17:46:46+12",114,1
471,"basic","monthly",120.00,6,6,0,"2025-07-26 10:25:47+12",NULL,158,0
472,"basic","yearly",216.00,1,1,0,"2025-08-06 09:07:47+12",NULL,147,0
473,"pro","monthly",300.00,6,6,0,"2025-07-09 02:50:44+12",NULL,175,0
474,"basic","monthly",20.00,1,0,1,"2025-04-06 15:13:32+12","2025-04-09 02:35:35+12",2,1
475,"basic","monthly",120.00,6,6,0,"2025-07-13 22:51:35+12",NULL,171,0
476,"basic","monthly",40.00,2,2,0,"2025-11-21 11:43:45+13",NULL,40,0
477,"pro","monthly",250.00,5,5,0,"2025-08-02 17:24:40+12",NULL,151,0
478,"pro","monthly",200.00,4,4,0,"2025-09-01 14:52:09+12",NULL,121,0
479,"basic","monthly",40.00,2,2,0,"2025-11-17 08:27:05+13",NULL,44,0
480,"basic","monthly",60.00,3,3,0,"2025-10-03 21:14:23+13",NULL,89,0
481,"pro","monthly",300.00,6,6,0,"2025-07-04 07:02:46+12",NULL,180,0
482,"basic","monthly",240.00,12,11,1,"2025-01-14 01:39:41+13",NULL,351,0
483,"pro","monthly",350.00,7,7,0,"2025-06-17 21:45:38+12",NULL,197,0
484,"pro","monthly",100.00,2,2,0,"2025-09-02 17:40:31+12","2025-10-14 03:39:30+13",41,1
485,"basic","monthly",40.00,2,2,0,"2025-11-15 13:12:54+13",NULL,46,0
486,"basic","yearly",216.00,1,1,0,"2025-12-23 05:18:12+13",NULL,8,0
487,"basic","monthly",120.00,6,6,0,"2025-07-03 07:32:33+12",NULL,181,0
488,"pro","yearly",540.00,1,1,0,"2025-09-23 19:39:10+12",NULL,99,0
489,"basic","yearly",216.00,1,1,0,"2025-08-22 13:23:15+12",NULL,131,0
490,"basic","monthly",100.00,5,5,0,"2025-08-21 12:10:05+12",NULL,132,0
491,"pro","monthly",400.00,8,8,0,"2025-05-10 00:22:42+12",NULL,235,0
492,"basic","monthly",180.00,9,9,0,"2025-04-14 00:37:12+12",NULL,261,0
493,"basic","monthly",20.00,1,1,0,"2025-07-17 12:47:45+12","2025-08-03 12:11:17+12",16,1
494,"pro","yearly",540.00,1,1,0,"2025-01-03 15:35:18+13",NULL,362,0
495,"pro","monthly",350.00,7,6,1,"2025-06-25 05:58:37+12",NULL,189,0
496,"basic","yearly",216.00,1,1,0,"2025-09-12 23:52:17+12",NULL,109,0
497,"basic","monthly",120.00,6,6,0,"2025-07-09 07:12:29+12",NULL,175,0
498,"pro","monthly",450.00,9,9,0,"2025-05-01 00:36:00+12",NULL,244,0
499,"basic","yearly",216.00,1,1,0,"2025-07-09 17:26:32+12",NULL,175,0
500,"basic","monthly",200.00,10,9,1,"2025-03-05 06:04:32+13",NULL,301,0
501,"pro","monthly",150.00,3,3,0,"2025-08-10 22:07:51+12","2025-10-23 23:17:06+13",74,1
502,"basic","monthly",100.00,5,5,0,"2025-01-17 21:56:34+13","2025-05-18 08:28:05+12",120,1
503,"basic","monthly",120.00,6,5,1,"2025-07-28 06:16:44+12",NULL,156,0
504,"basic","yearly",216.00,1,1,0,"2025-08-16 00:36:30+12",NULL,137,0
505,"pro","monthly",600.00,12,12,0,"2025-01-25 20:48:21+13",NULL,340,0
506,"basic","monthly",60.00,3,3,0,"2025-09-26 02:43:29+12","2025-11-27 17:23:00+13",62,1
507,"basic","monthly",80.00,4,4,0,"2025-03-30 07:55:01+13","2025-07-22 18:25:03+12",114,1
508,"basic","monthly",100.00,5,5,0,"2025-07-16 15:16:04+12","2025-11-26 04:49:39+13",132,1
509,"basic","monthly",220.00,11,11,0,"2025-02-14 09:50:14+13",NULL,320,0
510,"basic","monthly",120.00,6,6,0,"2025-07-23 10:14:51+12",NULL,161,0
511,"pro","monthly",450.00,9,9,0,"2025-04-12 01:22:33+12",NULL,263,0
512,"pro","monthly",350.00,7,7,0,"2025-06-18 12:44:53+12",NULL,196,0
513,"basic","yearly",216.00,1,1,0,"2025-10-09 20:18:05+13",NULL,83,0
514,"basic","monthly",120.00,6,6,0,"2025-07-14 09:47:52+12",NULL,170,0
515,"basic","monthly",80.00,4,4,0,"2025-09-11 14:35:59+12",NULL,111,0
516,"basic","monthly",60.00,3,3,0,"2025-10-07 04:20:22+13",NULL,85,0
517,"basic","monthly",20.00,1,1,0,"2025-05-08 06:17:11+12","2025-05-23 12:47:57+12",15,1
518,"basic","monthly",120.00,6,5,1,"2025-02-25 10:59:58+13","2025-08-22 16:35:52+12",178,1
519,"basic","monthly",40.00,2,2,0,"2025-01-08 04:47:12+13","2025-03-01 04:02:38+13",51,1
520,"pro","monthly",250.00,5,4,1,"2025-08-09 11:15:55+12",NULL,144,0
521,"basic","yearly",216.00,1,0,1,"2025-12-09 19:14:12+13",NULL,22,0
522,"basic","monthly",40.00,2,2,0,"2025-06-27 19:53:39+12","2025-08-09 00:50:08+12",42,1
523,"basic","monthly",80.00,4,4,0,"2025-09-12 16:49:06+12",NULL,110,0
524,"basic","monthly",20.00,1,1,0,"2025-10-04 15:43:42+13","2025-10-14 22:19:57+13",10,1
525,"pro","yearly",540.00,1,1,0,"2025-09-17 07:00:48+12",NULL,105,0
526,"basic","monthly",80.00,4,4,0,"2025-09-29 06:02:54+13",NULL,93,0
527,"basic","yearly",216.00,1,1,0,"2025-12-17 00:39:20+13",NULL,14,0
528,"basic","monthly",180.00,9,9,0,"2025-04-17 06:55:17+12",NULL,258,0
529,"basic","monthly",20.00,1,1,0,"2025-01-16 18:48:58+13","2025-02-14 06:04:06+13",28,1
530,"basic","monthly",180.00,9,6,3,"2025-03-17 21:25:14+13","2025-12-09 14:29:05+13",266,1
531,"basic","monthly",200.00,10,9,1,"2025-03-26 07:08:03+13",NULL,280,0
532,"basic","monthly",80.00,4,4,0,"2025-09-18 01:30:34+12",NULL,104,0
533,"basic","monthly",100.00,5,5,0,"2025-08-03 04:22:25+12",NULL,150,0
534,"basic","monthly",180.00,9,8,1,"2025-04-29 09:49:11+12",NULL,246,0
535,"basic","monthly",80.00,4,4,0,"2025-09-15 15:44:33+12",NULL,107,0
536,"pro","monthly",150.00,3,3,0,"2025-10-15 23:44:00+13",NULL,77,0
537,"basic","yearly",216.00,1,1,0,"2025-04-02 10:13:24+13",NULL,273,0
538,"basic","yearly",216.00,1,1,0,"2025-08-19 15:20:23+12",NULL,134,0
539,"pro","monthly",200.00,4,4,0,"2025-09-20 20:11:35+12",NULL,102,0
540,"basic","monthly",200.00,10,10,0,"2025-03-09 20:17:30+13",NULL,297,0
541,"basic","monthly",60.00,3,3,0,"2025-11-01 08:21:23+13",NULL,60,0
542,"basic","yearly",216.00,1,1,0,"2025-12-07 04:27:13+13",NULL,24,0
543,"basic","monthly",200.00,10,9,1,"2025-03-15 11:48:23+13",NULL,291,0
544,"pro","monthly",600.00,12,11,1,"2025-01-13 01:17:28+13",NULL,352,0
545,"basic","yearly",216.00,1,1,0,"2025-06-07 06:08:36+12",NULL,207,0
546,"basic","monthly",80.00,4,4,0,"2025-09-22 19:52:06+12",NULL,100,0
547,"basic","monthly",20.00,1,1,0,"2025-12-24 21:51:15+13",NULL,7,0
548,"basic","monthly",120.00,6,6,0,"2025-07-19 01:54:24+12",NULL,165,0
549,"basic","monthly",80.00,4,4,0,"2025-09-07 16:51:47+12",NULL,115,0
550,"pro","monthly",550.00,11,11,0,"2025-02-06 04:51:00+13",NULL,328,0
551,"pro","monthly",200.00,4,4,0,"2025-09-07 01:31:08+12",NULL,115,0
552,"basic","monthly",100.00,5,5,0,"2025-08-30 08:33:34+12",NULL,123,0
553,"basic","yearly",216.00,1,1,0,"2025-03-24 23:50:31+13",NULL,282,0
554,"basic","monthly",60.00,3,3,0,"2025-10-10 21:35:54+13",NULL,82,0
555,"basic","yearly",216.00,1,1,0,"2025-11-19 14:25:06+13",NULL,42,0
556,"basic","monthly",100.00,5,4,1,"2025-08-23 17:03:13+12",NULL,130,0
557,"basic","monthly",200.00,10,10,0,"2025-03-27 21:30:53+13",NULL,279,0
558,"basic","yearly",216.00,1,1,0,"2025-12-21 16:28:47+13",NULL,10,0
559,"basic","yearly",216.00,1,1,0,"2025-10-11 21:23:23+13",NULL,81,0
560,"basic","monthly",140.00,7,7,0,"2025-06-19 05:59:51+12",NULL,195,0
561,"basic","monthly",120.00,6,6,0,"2025-07-09 23:01:26+12",NULL,174,0
562,"basic","monthly",120.00,6,6,0,"2025-07-04 23:55:43+12",NULL,179,0
563,"pro","monthly",200.00,4,4,0,"2025-09-01 07:12:36+12","2025-12-06 22:32:32+13",96,1
564,"basic","monthly",60.00,3,3,0,"2025-06-20 08:41:34+12","2025-09-03 11:20:05+12",75,1
565,"basic","monthly",60.00,3,3,0,"2025-10-06 22:22:20+13",NULL,86,0
566,"basic","yearly",216.00,1,1,0,"2025-10-23 05:31:49+13",NULL,69,0
567,"basic","yearly",216.00,1,1,0,"2025-03-25 03:56:05+13",NULL,281,0
568,"basic","monthly",20.00,1,1,0,"2025-12-14 08:18:29+13",NULL,17,0
569,"basic","yearly",216.00,1,1,0,"2025-09-21 16:55:10+12",NULL,101,0
570,"basic","monthly",60.00,3,3,0,"2025-10-21 23:26:40+13",NULL,71,0
571,"basic","yearly",216.00,1,1,0,"2025-09-21 06:25:54+12",NULL,101,0
572,"basic","monthly",120.00,6,6,0,"2025-07-30 14:05:10+12",NULL,154,0
573,"basic","monthly",20.00,1,1,0,"2025-09-11 19:20:20+12","2025-10-05 14:47:22+13",23,1
574,"basic","yearly",216.00,1,1,0,"2025-12-21 22:45:17+13",NULL,10,0
575,"basic","monthly",160.00,8,8,0,"2025-05-21 08:25:17+12",NULL,224,0
576,"basic","monthly",60.00,3,3,0,"2025-10-30 03:49:55+13",NULL,62,0
577,"basic","yearly",216.00,1,1,0,"2025-08-31 23:47:37+12",NULL,121,0
578,"basic","monthly",100.00,5,5,0,"2025-08-18 02:26:10+12",NULL,135,0
579,"basic","monthly",120.00,6,6,0,"2025-07-06 12:08:46+12",NULL,178,0
580,"pro","yearly",540.00,1,1,0,"2025-09-09 09:16:47+12",NULL,113,0
581,"basic","monthly",160.00,8,8,0,"2025-05-24 11:05:13+12",NULL,221,0
582,"basic","monthly",40.00,2,2,0,"2025-11-07 01:06:06+13",NULL,54,0
583,"basic","monthly",60.00,3,3,0,"2025-10-04 04:35:03+13",NULL,88,0
584,"pro","monthly",550.00,11,11,0,"2025-02-02 01:33:48+13",NULL,332,0
585,"basic","yearly",216.00,1,1,0,"2025-11-03 16:16:39+13",NULL,58,0
586,"basic","monthly",160.00,8,7,1,"2025-05-05 14:41:59+12",NULL,240,0
587,"pro","monthly",300.00,6,6,0,"2025-07-30 00:19:14+12",NULL,154,0
588,"basic","monthly",100.00,5,5,0,"2025-08-09 11:18:28+12",NULL,144,0
589,"basic","monthly",120.00,6,5,1,"2025-07-21 16:08:33+12",NULL,163,0
590,"basic","monthly",220.00,11,11,0,"2025-01-27 18:01:02+13","2025-12-22 15:17:40+13",328,1
591,"pro","yearly",540.00,1,1,0,"2025-11-23 00:55:58+13",NULL,38,0
592,"basic","monthly",180.00,9,9,0,"2025-04-12 03:29:55+12",NULL,263,0
593,"basic","monthly",60.00,3,3,0,"2025-04-18 20:35:28+12","2025-06-26 18:24:19+12",68,1
594,"basic","monthly",60.00,3,3,0,"2025-10-06 11:34:11+13",NULL,86,0
595,"basic","monthly",20.00,1,1,0,"2025-06-20 07:29:40+12","2025-07-02 07:51:54+12",12,1
596,"basic","monthly",40.00,2,2,0,"2025-11-25 09:56:36+13",NULL,36,0
597,"basic","monthly",80.00,4,4,0,"2025-09-15 04:40:40+12",NULL,107,0
598,"basic","monthly",160.00,8,8,0,"2025-05-18 21:58:22+12",NULL,227,0
599,"basic","monthly",240.00,12,12,0,"2025-01-17 06:14:51+13",NULL,348,0
600,"basic","monthly",20.00,1,1,0,"2025-12-04 03:19:23+13",NULL,27,0
601,"basic","monthly",220.00,11,11,0,"2025-02-14 21:09:19+13",NULL,320,0
602,"basic","monthly",80.00,4,3,1,"2025-09-01 12:33:52+12",NULL,121,0
603,"pro","monthly",250.00,5,5,0,"2025-08-25 16:22:18+12",NULL,128,0
604,"basic","yearly",216.00,1,1,0,"2025-09-17 05:00:44+12",NULL,105,0
605,"pro","yearly",540.00,1,1,0,"2025-10-01 04:48:30+13",NULL,91,0
606,"basic","yearly",216.00,1,1,0,"2025-09-10 12:49:27+12",NULL,112,0
607,"pro","monthly",250.00,5,5,0,"2025-08-26 21:38:14+12",NULL,127,0
608,"basic","monthly",60.00,3,2,1,"2025-10-26 13:35:23+13",NULL,66,0
609,"basic","monthly",200.00,10,9,1,"2025-02-08 02:56:35+13","2025-11-21 09:18:19+13",286,1
610,"basic","monthly",20.00,1,1,0,"2025-05-15 00:15:10+12","2025-06-04 12:59:27+12",20,1
611,"basic","monthly",80.00,4,4,0,"2025-09-24 11:41:24+12",NULL,98,0
612,"basic","yearly",216.00,1,1,0,"2025-06-28 00:14:16+12",NULL,186,0
613,"pro","monthly",250.00,5,5,0,"2025-08-04 01:40:15+12",NULL,149,0
614,"basic","yearly",216.00,1,1,0,"2025-07-18 07:51:44+12",NULL,166,0
615,"basic","monthly",100.00,5,5,0,"2025-08-22 20:18:41+12",NULL,131,0
616,"basic","monthly",20.00,1,1,0,"2025-07-25 05:51:17+12","2025-08-06 19:40:32+12",12,1
617,"basic","monthly",80.00,4,3,1,"2025-09-14 18:54:04+12",NULL,108,0
618,"basic","monthly",120.00,6,6,0,"2025-06-06 16:18:07+12","2025-11-09 06:27:31+13",155,1
619,"basic","monthly",40.00,2,2,0,"2025-09-22 02:39:28+12","2025-11-07 08:51:36+13",46,1
620,"basic","monthly",160.00,8,8,0,"2025-05-10 10:39:31+12",NULL,235,0
621,"basic","monthly",80.00,4,3,1,"2025-05-07 22:01:09+12","2025-08-22 22:10:13+12",107,1
622,"basic","monthly",200.00,10,10,0,"2025-03-03 06:01:11+13",NULL,303,0
623,"pro","monthly",100.00,2,1,1,"2025-04-04 22:17:08+13","2025-05-16 08:50:02+12",41,1
624,"basic","monthly",200.00,10,10,0,"2025-03-24 03:46:00+13",NULL,282,0
625,"basic","monthly",100.00,5,5,0,"2025-08-08 14:09:00+12",NULL,145,0
626,"basic","monthly",60.00,3,3,0,"2025-10-16 19:21:26+13",NULL,76,0
627,"basic","monthly",180.00,9,9,0,"2025-04-11 03:23:29+12",NULL,264,0
628,"basic","monthly",180.00,9,9,0,"2025-04-23 13:21:05+12",NULL,252,0
629,"basic","yearly",216.00,1,1,0,"2025-08-27 16:03:17+12",NULL,126,0
630,"basic","monthly",80.00,4,4,0,"2025-09-26 00:04:34+12",NULL,96,0
631,"basic","monthly",20.00,1,1,0,"2025-12-16 18:12:57+13",NULL,15,0
632,"basic","monthly",100.00,5,4,1,"2025-08-27 20:52:24+12",NULL,126,0
633,"basic","monthly",160.00,8,8,0,"2025-05-27 12:07:49+12",NULL,218,0
634,"pro","yearly",540.00,1,1,0,"2025-03-23 20:24:49+13",NULL,283,0
635,"pro","yearly",540.00,1,1,0,"2025-04-15 19:47:02+12",NULL,260,0
636,"basic","monthly",140.00,7,7,0,"2025-05-08 02:47:49+12","2025-12-01 15:28:23+13",207,1
637,"basic","yearly",216.00,1,0,1,"2025-04-05 05:42:13+13",NULL,270,0
638,"pro","monthly",600.00,12,9,3,"2025-01-17 01:43:19+13",NULL,348,0
639,"basic","monthly",100.00,5,3,2,"2025-08-30 22:10:40+12",NULL,123,0
640,"pro","monthly",400.00,8,7,1,"2025-05-24 13:47:59+12",NULL,221,0
641,"basic","yearly",216.00,1,1,0,"2025-12-19 05:07:16+13",NULL,12,0
642,"basic","monthly",100.00,5,5,0,"2025-08-17 08:19:12+12",NULL,136,0
643,"basic","yearly",216.00,1,1,0,"2025-09-12 13:55:42+12",NULL,110,0
644,"basic","monthly",200.00,10,10,0,"2025-03-07 16:15:40+13",NULL,299,0
645,"basic","monthly",40.00,2,2,0,"2025-11-14 23:00:10+13",NULL,47,0
646,"basic","yearly",216.00,1,1,0,"2025-08-26 20:37:07+12",NULL,127,0
647,"pro","yearly",540.00,1,1,0,"2025-11-13 20:00:02+13",NULL,48,0
648,"basic","monthly",20.00,1,1,0,"2025-08-20 10:30:44+12","2025-09-10 00:43:14+12",20,1
649,"basic","monthly",40.00,2,2,0,"2025-07-20 16:23:49+12","2025-09-08 06:08:41+12",49,1
650,"basic","monthly",120.00,6,6,0,"2025-07-03 19:10:31+12",NULL,181,0
651,"basic","monthly",180.00,9,8,1,"2025-04-04 10:39:21+13",NULL,271,0
652,"basic","monthly",40.00,2,1,1,"2025-02-26 09:03:03+13","2025-04-05 14:57:48+13",38,1
653,"basic","monthly",20.00,1,1,0,"2025-12-13 09:09:44+13",NULL,18,0
654,"basic","monthly",120.00,6,6,0,"2025-07-18 15:08:31+12",NULL,166,0
655,"pro","monthly",150.00,3,3,0,"2025-10-08 23:35:50+13",NULL,84,0
656,"basic","monthly",100.00,5,5,0,"2025-07-21 23:51:57+12","2025-12-05 08:33:24+13",136,1
657,"basic","monthly",220.00,11,11,0,"2025-02-16 12:12:01+13",NULL,318,0
658,"basic","yearly",216.00,1,1,0,"2025-08-24 00:22:46+12",NULL,129,0
659,"basic","monthly",100.00,5,5,0,"2025-02-05 21:57:02+13","2025-06-11 10:33:57+12",125,1
660,"basic","monthly",200.00,10,10,0,"2025-03-17 11:28:35+13",NULL,289,0
661,"basic","monthly",100.00,5,3,2,"2025-08-11 05:44:31+12",NULL,142,0
662,"basic","monthly",140.00,7,7,0,"2025-06-08 06:11:34+12",NULL,206,0
663,"basic","yearly",216.00,1,1,0,"2025-12-12 23:46:29+13",NULL,19,0
664,"basic","monthly",40.00,2,2,0,"2025-03-10 08:58:55+13","2025-05-05 08:30:27+12",56,1
665,"basic","yearly",216.00,1,1,0,"2025-10-18 18:04:33+13",NULL,74,0
666,"pro","monthly",250.00,5,5,0,"2025-08-06 02:18:52+12",NULL,147,0
667,"basic","monthly",60.00,3,2,1,"2025-10-10 06:23:29+13",NULL,82,0
668,"basic","monthly",100.00,5,5,0,"2025-05-02 08:32:24+12","2025-09-20 02:04:50+12",140,1
669,"basic","monthly",100.00,5,5,0,"2025-08-24 17:56:01+12",NULL,129,0
670,"basic","monthly",120.00,6,5,1,"2025-07-20 23:49:39+12",NULL,163,0
671,"basic","monthly",120.00,6,6,0,"2025-07-08 22:46:04+12",NULL,176,0
672,"basic","monthly",40.00,2,2,0,"2025-11-23 06:52:24+13",NULL,38,0
673,"basic","monthly",20.00,1,1,0,"2025-12-08 05:43:31+13",NULL,23,0
674,"pro","monthly",300.00,6,6,0,"2025-06-26 05:09:39+12","2025-12-03 09:34:52+13",160,1
675,"basic","monthly",100.00,5,5,0,"2025-08-10 22:26:41+12",NULL,143,0
676,"pro","monthly",250.00,5,5,0,"2025-08-11 15:06:33+12",NULL,142,0
677,"basic","monthly",80.00,4,4,0,"2025-09-22 14:02:53+12",NULL,100,0
678,"basic","monthly",20.00,1,1,0,"2025-12-31 17:11:55+13",NULL,0,0
679,"basic","monthly",180.00,9,9,0,"2025-04-02 19:06:31+13",NULL,273,0
680,"basic","monthly",180.00,9,9,0,"2025-04-07 15:02:36+12",NULL,268,0
681,"basic","monthly",80.00,4,4,0,"2025-09-22 00:42:31+12",NULL,100,0
682,"basic","yearly",216.00,1,0,1,"2025-03-18 08:44:37+13",NULL,288,0
683,"basic","monthly",180.00,9,9,0,"2025-04-09 13:23:14+12",NULL,266,0
684,"pro","monthly",550.00,11,10,1,"2025-02-21 11:04:00+13",NULL,313,0
685,"basic","yearly",216.00,1,1,0,"2025-01-30 19:41:31+13",NULL,335,0
686,"basic","monthly",120.00,6,6,0,"2025-07-30 14:29:51+12",NULL,154,0
687,"pro","yearly",540.00,1,1,0,"2025-08-21 13:23:35+12",NULL,132,0
688,"basic","monthly",140.00,7,7,0,"2025-06-25 01:52:23+12",NULL,189,0
689,"pro","yearly",540.00,1,1,0,"2025-05-27 10:03:52+12",NULL,218,0
690,"basic","monthly",80.00,4,4,0,"2025-09-20 20:33:02+12",NULL,102,0
691,"basic","yearly",216.00,1,1,0,"2025-09-24 14:53:19+12",NULL,98,0
692,"basic","monthly",120.00,6,5,1,"2025-07-03 18:33:06+12",NULL,181,0
693,"basic","yearly",216.00,1,1,0,"2025-09-05 11:14:34+12",NULL,117,0
694,"pro","monthly",100.00,2,2,0,"2025-11-13 19:12:33+13",NULL,48,0
695,"basic","monthly",60.00,3,3,0,"2025-10-22 20:36:40+13",NULL,70,0
696,"basic","monthly",100.00,5,5,0,"2025-08-31 17:35:47+12",NULL,122,0
697,"pro","monthly",200.00,4,4,0,"2025-09-19 01:47:06+12",NULL,103,0
698,"basic","monthly",20.00,1,1,0,"2025-12-26 09:36:22+13",NULL,5,0
699,"basic","yearly",216.00,1,1,0,"2025-07-23 02:44:42+12",NULL,161,0
700,"basic","yearly",216.00,1,1,0,"2025-08-14 15:10:50+12",NULL,139,0
701,"pro","monthly",200.00,4,4,0,"2025-09-07 05:25:32+12",NULL,115,0
702,"basic","monthly",40.00,2,2,0,"2025-11-12 10:10:34+13",NULL,49,0
703,"basic","monthly",60.00,3,2,1,"2025-10-21 03:59:22+13",NULL,71,0
704,"basic","monthly",220.00,11,10,1,"2025-02-12 06:20:54+13",NULL,322,0
705,"basic","monthly",180.00,9,9,0,"2025-04-13 01:48:40+12",NULL,262,0
706,"basic","monthly",140.00,7,6,1,"2025-06-15 11:20:38+12",NULL,199,0
707,"pro","monthly",100.00,2,2,0,"2025-09-09 06:34:13+12","2025-10-29 18:55:46+13",50,1
708,"basic","yearly",216.00,1,1,0,"2025-08-14 05:59:47+12",NULL,139,0
709,"basic","monthly",60.00,3,3,0,"2025-05-09 23:28:28+12","2025-07-28 12:40:01+12",79,1
710,"pro","monthly",500.00,10,10,0,"2025-04-01 01:00:46+13",NULL,274,0
711,"basic","yearly",216.00,1,1,0,"2025-09-02 21:38:01+12",NULL,120,0
712,"basic","monthly",80.00,4,4,0,"2025-09-17 16:56:19+12",NULL,105,0
713,"basic","monthly",20.00,1,1,0,"2025-12-01 22:14:13+13",NULL,30,0
714,"pro","monthly",250.00,5,5,0,"2025-08-28 22:01:49+12",NULL,125,0
715,"basic","monthly",100.00,5,5,0,"2025-08-28 10:52:17+12",NULL,125,0
716,"basic","monthly",220.00,11,11,0,"2025-02-19 05:35:36+13",NULL,315,0
717,"basic","monthly",240.00,12,12,0,"2025-01-31 07:09:06+13",NULL,334,0
718,"basic","monthly",120.00,6,6,0,"2025-07-03 02:22:09+12",NULL,181,0
719,"pro","monthly",350.00,7,7,0,"2025-06-05 20:23:56+12",NULL,209,0
720,"basic","monthly",160.00,8,7,1,"2025-05-19 19:14:16+12",NULL,226,0
721,"basic","monthly",220.00,11,11,0,"2025-02-26 22:05:36+13",NULL,308,0
722,"basic","monthly",20.00,1,1,0,"2025-12-14 07:58:13+13",NULL,17,0
723,"basic","monthly",60.00,3,2,1,"2025-10-24 15:46:20+13",NULL,68,0
724,"basic","monthly",100.00,5,5,0,"2025-08-27 03:11:31+12",NULL,126,0
725,"basic","monthly",20.00,1,1,0,"2025-12-28 11:44:36+13",NULL,3,0
726,"basic","yearly",216.00,1,1,0,"2025-12-27 16:38:41+13",NULL,4,0
727,"basic","monthly",80.00,4,4,0,"2025-09-10 13:46:51+12",NULL,112,0
728,"basic","monthly",160.00,8,8,0,"2025-05-20 00:05:49+12",NULL,225,0
729,"basic","monthly",80.00,4,4,0,"2025-01-02 23:22:56+13","2025-04-22 03:51:22+12",109,1
730,"pro","monthly",200.00,4,4,0,"2025-09-28 01:26:59+12",NULL,94,0
731,"basic","yearly",216.00,1,1,0,"2025-07-28 15:55:49+12",NULL,156,0
732,"pro","monthly",200.00,4,4,0,"2025-09-09 11:41:54+12",NULL,113,0
733,"basic","monthly",40.00,2,1,1,"2025-11-20 13:40:49+13",NULL,41,0
734,"basic","yearly",216.00,1,1,0,"2025-04-22 00:03:19+12",NULL,253,0
735,"basic","yearly",216.00,1,0,1,"2025-08-17 13:20:34+12",NULL,136,0
736,"pro","yearly",540.00,1,1,0,"2025-09-19 16:20:32+12",NULL,103,0
737,"basic","monthly",100.00,5,5,0,"2025-08-23 19:09:03+12",NULL,130,0
738,"basic","yearly",216.00,1,1,0,"2025-02-23 12:25:28+13",NULL,311,0
739,"basic","yearly",216.00,1,1,0,"2025-06-26 07:36:32+12",NULL,188,0
740,"basic","yearly",216.00,1,1,0,"2025-06-03 19:27:18+12",NULL,211,0
741,"basic","monthly",80.00,4,4,0,"2025-09-27 00:09:08+12",NULL,95,0
742,"pro","yearly",540.00,1,1,0,"2025-11-11 15:30:36+13",NULL,50,0
743,"basic","monthly",140.00,7,7,0,"2025-06-24 13:35:25+12",NULL,190,0
744,"basic","monthly",60.00,3,3,0,"2025-09-09 14:25:32+12","2025-11-29 03:26:39+13",80,1
745,"basic","monthly",160.00,8,8,0,"2025-05-15 10:08:48+12",NULL,230,0
746,"pro","monthly",50.00,1,0,1,"2025-12-06 04:35:12+13",NULL,25,0
747,"pro","monthly",150.00,3,3,0,"2025-10-17 01:41:36+13",NULL,75,0
748,"basic","monthly",100.00,5,4,1,"2025-08-08 05:39:47+12",NULL,145,0
749,"pro","monthly",300.00,6,4,2,"2025-07-17 19:15:04+12",NULL,167,0
750,"pro","monthly",350.00,7,7,0,"2025-06-10 01:20:43+12",NULL,204,0
751,"basic","yearly",216.00,1,1,0,"2025-07-01 06:05:07+12",NULL,183,0
752,"basic","monthly",20.00,1,0,1,"2025-12-23 02:27:23+13",NULL,8,0
753,"basic","monthly",120.00,6,5,1,"2025-07-12 18:20:22+12",NULL,172,0
754,"pro","monthly",250.00,5,5,0,"2025-08-21 08:01:49+12",NULL,132,0
755,"basic","monthly",20.00,1,1,0,"2025-12-10 18:22:39+13",NULL,21,0
756,"basic","monthly",80.00,4,4,0,"2025-09-28 03:39:09+13",NULL,94,0
757,"basic","monthly",100.00,5,4,1,"2025-08-15 13:59:52+12",NULL,138,0
758,"basic","monthly",120.00,6,5,1,"2025-07-08 18:43:23+12",NULL,176,0
759,"basic","monthly",140.00,7,7,0,"2025-04-06 11:54:05+12","2025-10-16 05:30:11+13",192,1
760,"basic","monthly",120.00,6,6,0,"2025-07-05 11:03:15+12",NULL,179,0
761,"basic","yearly",216.00,1,1,0,"2025-09-20 16:55:53+12",NULL,102,0
762,"basic","yearly",216.00,1,1,0,"2025-08-27 21:00:21+12",NULL,126,0
763,"basic","monthly",80.00,4,4,0,"2025-09-23 15:19:28+12",NULL,99,0
764,"basic","monthly",160.00,8,8,0,"2025-04-16 12:21:13+12","2025-12-03 10:10:34+13",230,1
765,"basic","monthly",100.00,5,5,0,"2025-08-25 05:13:13+12",NULL,128,0
766,"basic","monthly",40.00,2,2,0,"2025-11-19 05:48:16+13",NULL,42,0
767,"pro","monthly",300.00,6,5,1,"2025-07-19 03:39:46+12",NULL,165,0
768,"basic","monthly",80.00,4,4,0,"2025-09-06 10:44:42+12",NULL,116,0
769,"basic","yearly",216.00,1,1,0,"2025-03-02 01:37:57+13",NULL,304,0
770,"pro","monthly",50.00,1,1,0,"2025-12-23 05:02:16+13",NULL,8,0
771,"basic","monthly",100.00,5,5,0,"2025-08-06 13:18:12+12",NULL,147,0
772,"basic","monthly",160.00,8,8,0,"2025-05-27 10:39:17+12",NULL,218,0
773,"basic","yearly",216.00,1,1,0,"2025-03-03 03:41:00+13",NULL,303,0
774,"basic","monthly",100.00,5,5,0,"2025-08-04 00:42:17+12",NULL,149,0
775,"basic","monthly",80.00,4,4,0,"2025-08-23 09:23:55+12","2025-12-04 16:30:05+13",103,1
776,"basic","yearly",216.00,1,1,0,"2025-02-04 13:18:55+13",NULL,330,0
777,"basic","monthly",20.00,1,1,0,"2025-12-30 09:24:14+13",NULL,1,0
778,"basic","yearly",216.00,1,1,0,"2025-11-14 05:45:06+13",NULL,47,0
779,"basic","monthly",120.00,6,5,1,"2025-07-29 22:31:55+12",NULL,155,0
780,"basic","yearly",216.00,1,1,0,"2025-03-21 06:05:11+13",NULL,285,0
781,"basic","monthly",40.00,2,2,0,"2025-10-08 05:29:35+13","2025-11-11 08:56:08+13",34,1
782,"pro","monthly",250.00,5,5,0,"2025-08-31 10:01:02+12",NULL,122,0
783,"basic","yearly",216.00,1,1,0,"2025-09-09 04:19:21+12",NULL,113,0
784,"basic","monthly",100.00,5,5,0,"2025-08-17 00:47:10+12",NULL,136,0
785,"basic","monthly",160.00,8,7,1,"2025-05-01 23:43:22+12",NULL,243,0
786,"pro","monthly",150.00,3,3,0,"2025-10-13 09:19:15+13",NULL,79,0
787,"pro","monthly",50.00,1,1,0,"2025-12-17 21:51:03+13",NULL,14,0
788,"basic","yearly",216.00,1,1,0,"2025-05-21 20:56:24+12",NULL,224,0
789,"basic","monthly",100.00,5,5,0,"2025-08-29 12:35:17+12",NULL,124,0
790,"pro","monthly",300.00,6,6,0,"2025-07-08 16:21:57+12",NULL,176,0
791,"pro","monthly",100.00,2,2,0,"2025-11-14 10:08:05+13",NULL,47,0
792,"basic","monthly",100.00,5,5,0,"2025-08-25 00:33:43+12",NULL,128,0
793,"pro","monthly",100.00,2,2,0,"2025-11-21 09:43:14+13",NULL,40,0
794,"pro","monthly",100.00,2,2,0,"2025-11-14 20:36:09+13",NULL,47,0
795,"basic","monthly",40.00,2,2,0,"2025-05-14 21:58:38+12","2025-07-14 02:17:00+12",60,1
796,"basic","monthly",60.00,3,3,0,"2025-10-12 03:34:08+13",NULL,80,0
797,"basic","monthly",120.00,6,6,0,"2025-07-08 08:08:37+12",NULL,176,0
798,"basic","yearly",216.00,1,1,0,"2025-12-19 10:51:12+13",NULL,12,0
799,"basic","monthly",100.00,5,5,0,"2025-08-28 16:19:44+12",NULL,125,0
800,"basic","monthly",60.00,3,3,0,"2025-10-24 05:58:08+13",NULL,68,0
801,"basic","yearly",216.00,1,1,0,"2025-05-14 16:41:59+12",NULL,231,0
802,"basic","monthly",40.00,2,1,1,"2025-06-19 17:20:04+12","2025-08-11 18:17:04+12",53,1
803,"basic","monthly",100.00,5,5,0,"2025-08-19 05:46:07+12",NULL,134,0
804,"basic","monthly",20.00,1,1,0,"2025-12-06 23:53:56+13",NULL,25,0
805,"pro","monthly",250.00,5,5,0,"2025-08-06 11:01:48+12",NULL,147,0
806,"basic","monthly",200.00,10,8,2,"2025-03-12 02:26:19+13",NULL,294,0
807,"basic","yearly",216.00,1,1,0,"2025-08-16 11:59:52+12",NULL,137,0
808,"basic","monthly",140.00,7,6,1,"2025-06-30 08:59:47+12",NULL,184,0
809,"basic","monthly",100.00,5,5,0,"2025-08-09 16:49:12+12",NULL,144,0
810,"basic","monthly",100.00,5,5,0,"2025-08-04 16:11:01+12",NULL,149,0
811,"basic","monthly",120.00,6,6,0,"2025-07-26 07:39:17+12",NULL,158,0
812,"pro","monthly",350.00,7,7,0,"2025-06-21 06:39:14+12",NULL,193,0
813,"pro","monthly",250.00,5,5,0,"2025-04-20 19:14:43+12","2025-08-25 15:26:21+12",126,1
814,"basic","monthly",80.00,4,3,1,"2025-09-01 23:05:44+12",NULL,120,0
815,"basic","monthly",100.00,5,5,0,"2025-08-26 03:08:32+12",NULL,127,0
816,"basic","monthly",160.00,8,7,1,"2025-05-29 07:30:45+12",NULL,216,0
817,"basic","monthly",60.00,3,3,0,"2025-10-22 00:11:54+13",NULL,70,0
818,"pro","monthly",400.00,8,8,0,"2025-01-14 04:30:08+13","2025-08-17 10:11:51+12",215,1
819,"pro","monthly",200.00,4,4,0,"2025-09-06 18:14:02+12",NULL,116,0
820,"basic","monthly",80.00,4,4,0,"2025-09-14 12:59:17+12",NULL,108,0
821,"pro","monthly",150.00,3,3,0,"2025-11-01 02:14:47+13",NULL,60,0
822,"basic","monthly",120.00,6,6,0,"2025-07-22 18:48:13+12",NULL,162,0
823,"pro","yearly",540.00,1,1,0,"2025-09-03 17:59:28+12",NULL,119,0
824,"basic","monthly",60.00,3,3,0,"2025-10-29 08:31:44+13",NULL,63,0
825,"basic","yearly",216.00,1,1,0,"2025-12-12 03:56:15+13",NULL,19,0
826,"basic","monthly",100.00,5,5,0,"2025-08-15 00:49:02+12",NULL,138,0
827,"basic","monthly",240.00,12,12,0,"2025-01-21 12:52:24+13",NULL,344,0
828,"pro","monthly",250.00,5,5,0,"2025-08-24 22:25:39+12",NULL,129,0
829,"basic","yearly",216.00,1,1,0,"2025-09-01 11:36:38+12",NULL,121,0
830,"basic","monthly",40.00,2,2,0,"2025-11-19 05:41:56+13",NULL,42,0
831,"basic","yearly",216.00,1,1,0,"2025-11-23 14:33:06+13",NULL,38,0
832,"basic","monthly",120.00,6,6,0,"2025-07-16 02:52:56+12",NULL,168,0
833,"basic","yearly",216.00,1,1,0,"2025-08-02 19:33:34+12",NULL,151,0
834,"basic","yearly",216.00,1,1,0,"2025-07-14 11:02:35+12",NULL,170,0
835,"basic","monthly",20.00,1,1,0,"2025-09-14 04:48:40+12","2025-09-26 16:04:21+12",12,1
836,"pro","monthly",300.00,6,6,0,"2025-07-31 13:12:18+12",NULL,153,0
837,"basic","yearly",216.00,1,1,0,"2025-09-16 00:56:19+12",NULL,106,0
838,"pro","monthly",500.00,10,10,0,"2025-03-25 22:29:10+13",NULL,281,0
839,"basic","monthly",120.00,6,6,0,"2025-07-14 21:39:58+12",NULL,170,0
840,"pro","monthly",50.00,1,1,0,"2025-12-03 11:33:57+13",NULL,28,0
841,"basic","monthly",140.00,7,7,0,"2025-06-06 02:53:41+12",NULL,208,0
842,"basic","monthly",80.00,4,4,0,"2025-09-15 14:46:32+12",NULL,107,0
843,"basic","monthly",80.00,4,4,0,"2025-09-04 17:49:37+12",NULL,118,0
844,"basic","yearly",216.00,1,1,0,"2025-11-30 11:34:08+13",NULL,31,0
845,"basic","monthly",40.00,2,2,0,"2025-11-14 02:20:28+13",NULL,47,0
846,"basic","monthly",40.00,2,2,0,"2025-11-01 18:29:37+13",NULL,60,0
847,"basic","monthly",120.00,6,6,0,"2025-07-30 10:57:12+12",NULL,154,0
848,"basic","monthly",140.00,7,6,1,"2025-06-30 02:05:16+12",NULL,184,0
849,"pro","yearly",540.00,1,1,0,"2025-09-12 10:41:58+12",NULL,110,0
850,"basic","monthly",80.00,4,4,0,"2025-09-23 17:45:46+12",NULL,99,0
851,"basic","monthly",40.00,2,1,1,"2025-11-04 15:07:45+13",NULL,57,0
852,"basic","monthly",240.00,12,12,0,"2025-01-16 09:23:05+13",NULL,349,0
853,"basic","yearly",216.00,1,1,0,"2025-02-18 11:24:46+13",NULL,316,0
854,"basic","yearly",216.00,1,1,0,"2025-09-27 04:39:10+12",NULL,95,0
855,"basic","monthly",40.00,2,2,0,"2025-11-14 06:24:02+13",NULL,47,0
856,"basic","monthly",20.00,1,1,0,"2025-12-25 18:58:21+13",NULL,6,0
857,"basic","monthly",80.00,4,4,0,"2025-09-20 09:55:09+12",NULL,102,0
858,"pro","monthly",100.00,2,2,0,"2025-07-06 16:11:49+12","2025-08-14 08:38:49+12",38,1
859,"basic","monthly",20.00,1,1,0,"2025-02-23 14:26:19+13","2025-03-06 23:58:39+13",11,1
860,"basic","monthly",20.00,1,0,1,"2025-09-11 11:49:28+12","2025-10-10 04:24:10+13",28,1
861,"basic","monthly",40.00,2,2,0,"2025-11-11 09:11:07+13",NULL,50,0
862,"basic","monthly",120.00,6,6,0,"2025-07-29 16:12:00+12",NULL,155,0
863,"basic","monthly",80.00,4,4,0,"2025-09-20 20:00:29+12",NULL,102,0
864,"basic","monthly",40.00,2,2,0,"2025-11-17 04:34:51+13",NULL,44,0
865,"basic","monthly",120.00,6,6,0,"2025-01-02 08:56:31+13","2025-06-03 06:59:22+12",151,1
866,"basic","monthly",60.00,3,3,0,"2025-10-08 19:37:42+13",NULL,84,0
867,"basic","monthly",140.00,7,6,1,"2025-06-17 02:26:28+12",NULL,197,0
868,"basic","monthly",100.00,5,5,0,"2025-07-04 07:38:00+12","2025-11-28 21:56:18+13",147,1
869,"basic","monthly",200.00,10,9,1,"2025-03-09 06:17:39+13",NULL,297,0
870,"basic","monthly",100.00,5,5,0,"2025-08-22 05:52:52+12",NULL,131,0
871,"basic","monthly",60.00,3,3,0,"2025-08-07 13:11:09+12","2025-10-12 11:12:20+13",65,1
872,"basic","monthly",60.00,3,3,0,"2025-10-03 09:22:02+13",NULL,89,0
873,"basic","monthly",180.00,9,9,0,"2025-04-05 14:42:36+13",NULL,270,0
874,"basic","monthly",220.00,11,11,0,"2025-02-28 08:19:21+13",NULL,306,0
875,"pro","monthly",100.00,2,2,0,"2025-11-30 15:03:06+13",NULL,31,0
876,"pro","monthly",250.00,5,4,1,"2025-08-14 17:10:43+12",NULL,139,0
877,"basic","monthly",160.00,8,7,1,"2025-05-11 07:42:44+12",NULL,234,0
878,"basic","yearly",216.00,1,1,0,"2025-11-24 08:36:50+13",NULL,37,0
879,"basic","monthly",120.00,6,5,1,"2025-03-18 18:29:47+13","2025-09-02 07:43:15+12",167,1
880,"basic","monthly",120.00,6,6,0,"2025-07-19 23:59:02+12",NULL,164,0
881,"basic","yearly",216.00,1,1,0,"2025-05-03 21:20:23+12",NULL,242,0
882,"basic","monthly",160.00,8,8,0,"2025-05-30 00:52:04+12",NULL,215,0
883,"basic","monthly",240.00,12,12,0,"2025-01-26 02:53:35+13",NULL,339,0
884,"basic","yearly",216.00,1,1,0,"2025-10-03 22:30:08+13",NULL,89,0
885,"basic","monthly",40.00,2,1,1,"2025-11-05 11:55:17+13",NULL,56,0
886,"basic","monthly",60.00,3,3,0,"2025-09-12 04:26:33+12","2025-11-27 23:40:01+13",76,1
887,"basic","monthly",180.00,9,9,0,"2025-03-08 11:13:39+13","2025-11-17 03:48:05+13",253,1
888,"pro","yearly",540.00,1,1,0,"2025-07-02 15:36:46+12",NULL,182,0
889,"basic","monthly",40.00,2,2,0,"2025-06-22 04:05:30+12","2025-08-08 06:55:53+12",47,1
890,"basic","monthly",20.00,1,1,0,"2025-08-25 10:38:59+12","2025-09-12 04:42:23+12",17,1
891,"basic","monthly",80.00,4,4,0,"2025-09-27 10:18:27+12",NULL,95,0
892,"basic","monthly",120.00,6,5,1,"2025-07-20 22:16:33+12",NULL,164,0
893,"basic","monthly",140.00,7,7,0,"2025-05-20 07:22:59+12","2025-12-10 07:33:31+13",203,1
894,"basic","monthly",60.00,3,3,0,"2025-10-06 08:36:31+13",NULL,86,0
895,"basic","monthly",180.00,9,9,0,"2025-04-18 11:40:31+12",NULL,257,0
896,"basic","monthly",120.00,6,6,0,"2025-07-16 17:56:39+12",NULL,168,0
897,"basic","monthly",100.00,5,5,0,"2025-08-09 10:18:12+12",NULL,144,0
898,"basic","monthly",160.00,8,7,1,"2025-05-01 15:01:29+12",NULL,244,0
899,"basic","monthly",80.00,4,4,0,"2025-08-21 15:47:54+12","2025-11-30 19:27:18+13",101,1
900,"basic","yearly",216.00,1,1,0,"2025-08-08 07:26:26+12","2025-08-14 22:54:40+12",6,1
901,"pro","monthly",50.00,1,1,0,"2025-12-02 23:22:35+13",NULL,29,0
902,"basic","monthly",100.00,5,5,0,"2025-06-27 08:13:00+12","2025-11-13 11:37:27+13",139,1
903,"pro","monthly",50.00,1,1,0,"2025-12-21 19:44:18+13",NULL,10,0
904,"pro","yearly",540.00,1,0,1,"2025-09-09 14:19:19+12",NULL,113,0
905,"pro","monthly",400.00,8,8,0,"2025-05-18 05:20:49+12",NULL,227,0
906,"basic","monthly",100.00,5,5,0,"2025-08-01 15:43:21+12",NULL,152,0
907,"basic","monthly",80.00,4,4,0,"2025-09-12 00:46:36+12",NULL,110,0
908,"basic","monthly",80.00,4,4,0,"2025-09-20 12:53:11+12",NULL,102,0
909,"pro","monthly",300.00,6,6,0,"2025-01-07 23:53:21+13","2025-06-17 09:37:27+12",160,1
910,"basic","monthly",100.00,5,4,1,"2025-08-31 09:30:58+12",NULL,122,0
911,"basic","monthly",100.00,5,5,0,"2025-08-16 13:41:08+12",NULL,137,0
912,"pro","yearly",540.00,1,1,0,"2025-11-16 17:40:29+13",NULL,45,0
913,"pro","monthly",400.00,8,8,0,"2025-05-30 05:57:21+12",NULL,215,0
914,"pro","monthly",150.00,3,3,0,"2025-10-16 02:59:47+13",NULL,76,0
915,"basic","monthly",40.00,2,2,0,"2025-08-03 04:19:36+12","2025-10-02 00:16:41+13",59,1
916,"basic","monthly",140.00,7,7,0,"2025-06-25 09:20:35+12",NULL,189,0
917,"basic","monthly",80.00,4,4,0,"2025-09-18 12:13:36+12",NULL,104,0
918,"basic","monthly",100.00,5,5,0,"2025-08-22 22:51:58+12",NULL,131,0
919,"basic","monthly",80.00,4,4,0,"2025-09-30 00:04:09+13",NULL,92,0
920,"basic","monthly",80.00,4,4,0,"2025-09-09 12:21:24+12",NULL,113,0
921,"basic","monthly",80.00,4,4,0,"2025-09-22 05:53:10+12",NULL,100,0
922,"pro","monthly",150.00,3,3,0,"2025-10-20 08:24:11+13",NULL,72,0
923,"pro","yearly",540.00,1,1,0,"2025-08-20 15:55:50+12",NULL,133,0
924,"basic","monthly",40.00,2,1,1,"2025-11-25 22:45:54+13",NULL,36,0
925,"pro","yearly",540.00,1,1,0,"2025-09-12 10:02:17+12",NULL,110,0
926,"basic","monthly",120.00,6,6,0,"2025-06-14 14:31:56+12","2025-12-07 00:27:28+13",175,1
927,"basic","yearly",216.00,1,1,0,"2025-07-08 23:28:53+12",NULL,175,0
928,"basic","monthly",100.00,5,5,0,"2025-08-31 21:13:33+12",NULL,122,0
929,"basic","monthly",80.00,4,4,0,"2025-09-10 17:07:23+12",NULL,112,0
930,"basic","monthly",40.00,2,2,0,"2025-02-26 14:49:12+13","2025-04-24 20:20:54+12",57,1
931,"basic","monthly",60.00,3,3,0,"2025-06-30 14:28:32+12","2025-09-20 00:52:53+12",81,1
932,"basic","yearly",216.00,1,1,0,"2025-09-02 03:57:32+12",NULL,120,0
933,"basic","monthly",180.00,9,9,0,"2025-04-05 19:21:59+13",NULL,270,0
934,"basic","monthly",200.00,10,9,1,"2025-03-17 12:55:33+13",NULL,289,0
935,"basic","monthly",100.00,5,5,0,"2025-08-10 22:09:49+12",NULL,143,0
936,"basic","monthly",20.00,1,1,0,"2025-12-28 16:52:33+13",NULL,3,0
937,"basic","yearly",216.00,1,1,0,"2025-08-22 16:13:46+12",NULL,131,0
938,"basic","monthly",40.00,2,2,0,"2025-11-03 03:24:45+13",NULL,58,0
939,"basic","yearly",216.00,1,1,0,"2025-10-29 05:07:00+13",NULL,63,0
940,"pro","monthly",400.00,8,8,0,"2025-05-10 13:43:54+12",NULL,235,0
941,"basic","monthly",60.00,3,3,0,"2025-10-20 15:21:29+13",NULL,72,0
942,"basic","monthly",100.00,5,3,2,"2025-08-29 13:06:33+12",NULL,124,0
943,"basic","monthly",60.00,3,3,0,"2025-10-26 10:47:19+13",NULL,66,0
944,"basic","monthly",80.00,4,4,0,"2025-09-02 06:48:19+12",NULL,120,0
945,"basic","monthly",140.00,7,6,1,"2025-06-21 18:20:12+12",NULL,193,0
946,"pro","monthly",500.00,10,10,0,"2025-03-07 22:17:34+13",NULL,299,0
947,"basic","yearly",216.00,1,1,0,"2025-12-12 03:42:07+13",NULL,19,0
948,"basic","yearly",216.00,1,1,0,"2025-03-09 17:10:17+13",NULL,297,0
949,"basic","monthly",20.00,1,1,0,"2025-12-04 13:39:35+13",NULL,27,0
950,"basic","monthly",40.00,2,2,0,"2025-11-17 16:13:34+13",NULL,44,0
951,"pro","monthly",200.00,4,4,0,"2025-09-13 05:20:17+12",NULL,109,0
952,"basic","monthly",20.00,1,1,0,"2025-12-06 11:51:18+13",NULL,25,0
953,"pro","monthly",50.00,1,1,0,"2025-12-19 20:10:04+13",NULL,12,0
954,"basic","yearly",216.00,1,1,0,"2025-10-11 08:57:21+13",NULL,81,0
955,"basic","monthly",120.00,6,6,0,"2025-07-19 02:03:08+12",NULL,165,0
956,"basic","yearly",216.00,1,1,0,"2025-10-02 04:57:43+13",NULL,90,0
957,"pro","monthly",600.00,12,12,0,"2025-01-02 16:24:03+13",NULL,363,0
958,"basic","monthly",100.00,5,5,0,"2025-08-04 01:25:11+12",NULL,149,0
959,"basic","monthly",120.00,6,6,0,"2025-07-24 07:57:37+12",NULL,160,0
960,"basic","monthly",80.00,4,4,0,"2025-09-22 10:44:28+12",NULL,100,0
961,"basic","monthly",80.00,4,3,1,"2025-09-20 23:19:21+12",NULL,101,0
962,"pro","monthly",250.00,5,5,0,"2025-08-27 18:45:48+12",NULL,126,0
963,"basic","monthly",60.00,3,3,0,"2025-10-23 06:05:59+13",NULL,69,0
964,"basic","monthly",20.00,1,1,0,"2025-12-26 03:36:08+13",NULL,5,0
965,"basic","monthly",100.00,5,5,0,"2025-03-04 11:29:06+13","2025-07-07 10:35:11+12",125,1
966,"basic","monthly",120.00,6,6,0,"2025-05-15 21:43:41+12","2025-11-13 22:26:01+13",181,1
967,"basic","monthly",240.00,12,11,1,"2025-01-24 03:30:14+13",NULL,341,0
968,"pro","monthly",100.00,2,2,0,"2025-11-08 17:55:57+13",NULL,53,0
969,"pro","monthly",250.00,5,5,0,"2025-08-20 20:58:23+12",NULL,133,0
970,"pro","monthly",100.00,2,2,0,"2025-11-13 18:44:58+13",NULL,48,0
971,"pro","yearly",540.00,1,1,0,"2025-05-22 22:50:55+12",NULL,223,0
972,"basic","monthly",220.00,11,11,0,"2025-02-12 03:31:01+13",NULL,322,0
973,"basic","monthly",60.00,3,3,0,"2025-10-04 04:07:22+13",NULL,88,0
974,"basic","monthly",40.00,2,2,0,"2025-11-17 03:54:10+13",NULL,44,0
975,"pro","monthly",350.00,7,6,1,"2025-06-10 23:38:36+12",NULL,203,0
976,"basic","monthly",120.00,6,5,1,"2025-07-06 04:06:25+12",NULL,178,0
977,"basic","monthly",200.00,10,9,1,"2025-03-28 11:50:06+13",NULL,278,0
978,"pro","monthly",50.00,1,1,0,"2025-12-12 06:41:04+13",NULL,19,0
979,"pro","monthly",150.00,3,3,0,"2025-06-26 21:34:29+12","2025-08-28 21:17:19+12",62,1
980,"basic","monthly",100.00,5,5,0,"2025-08-14 06:26:15+12",NULL,139,0
981,"basic","monthly",220.00,11,11,0,"2025-02-20 20:35:10+13",NULL,314,0
982,"basic","monthly",40.00,2,2,0,"2025-11-17 01:04:21+13",NULL,44,0
983,"basic","monthly",140.00,7,6,1,"2025-03-08 11:37:27+13","2025-09-27 11:40:12+12",203,1
984,"basic","monthly",60.00,3,3,0,"2025-07-27 01:36:50+12","2025-10-14 23:43:01+13",79,1
985,"basic","monthly",40.00,2,2,0,"2025-09-12 05:44:15+12","2025-10-17 16:51:29+13",35,1
986,"basic","monthly",80.00,4,4,0,"2025-09-07 09:42:04+12",NULL,115,0
987,"basic","monthly",20.00,1,1,0,"2025-12-25 11:36:53+13",NULL,6,0
988,"basic","monthly",120.00,6,6,0,"2025-07-16 15:37:38+12",NULL,168,0
989,"basic","monthly",20.00,1,1,0,"2025-09-15 22:35:06+12","2025-09-25 23:54:59+12",10,1
990,"basic","monthly",200.00,10,10,0,"2025-03-28 03:11:19+13",NULL,278,0
991,"basic","monthly",120.00,6,5,1,"2025-08-01 00:04:38+12",NULL,152,0
992,"pro","monthly",450.00,9,8,1,"2025-02-05 10:52:38+13","2025-10-27 21:02:04+13",264,1
993,"basic","monthly",100.00,5,5,0,"2025-08-26 00:20:31+12",NULL,127,0
994,"pro","monthly",300.00,6,6,0,"2025-07-22 09:03:05+12",NULL,162,0
995,"basic","monthly",20.00,1,1,0,"2025-12-07 17:56:37+13",NULL,24,0
996,"basic","monthly",80.00,4,4,0,"2025-01-30 09:51:00+13","2025-05-17 14:03:43+12",107,1
997,"basic","monthly",120.00,6,6,0,"2025-07-25 16:42:09+12",NULL,159,0
998,"basic","monthly",120.00,6,6,0,"2025-07-16 05:18:24+12",NULL,168,0
999,"basic","yearly",216.00,1,1,0,"2025-12-21 07:28:12+13",NULL,10,0
1000,"basic","monthly",40.00,2,2,0,"2025-11-08 10:56:20+13",NULL,53,0
